Timestamp,Lat,Long,SSID,BSSID,Canal,Señal,Seguridad
2026-03-18 01:06:36,19.5308552,-99.0412979,TOTALPLAY_ECBA0B,34:6B:46:EC:BA:0B,11,-48,WPA2_PSK
2026-03-18 01:06:36,19.5308552,-99.0412979,Mega_2.4G_D834,F4:E8:4F:FF:D8:34,3,-58,WPA2_PSK
2026-03-18 01:06:36,19.5308552,-99.0412979,IZZI-29A4,94:04:E3:EF:29:A8,1,-59,WPA2_PSK
2026-03-18 01:06:36,19.5308552,-99.0412979,Home,18:A6:F7:BF:71:72,7,-61,WPA_WPA2_PSK
2026-03-18 01:06:36,19.5308552,-99.0412979,Ariadnazashyd_2.4G,BC:47:32:02:FF:88,6,-63,WPA_WPA2_PSK
2026-03-18 01:06:36,19.5308552,-99.0412979,Club_Totalplay_WiFi,BC:47:32:02:FF:89,6,-63,OPEN
2026-03-18 01:06:36,19.5308552,-99.0412979,Hogar,A2:31:DB:A0:CC:C4,4,-64,WPA2_PSK
2026-03-18 01:06:36,19.5308552,-99.0412979,,A2:31:DB:A0:CC:C6,4,-65,WPA2_PSK
2026-03-18 01:06:36,19.5308552,-99.0412979,,A2:31:DB:A0:CC:C7,4,-66,OPEN
2026-03-18 01:06:36,19.5308552,-99.0412979,Mega_2.4G_8B54,48:96:D9:26:8B:54,11,-66,WPA_WPA2_PSK
2026-03-18 01:06:36,19.5308552,-99.0412979,TOTALPLAY_E14025,3C:17:10:E1:40:25,11,-67,WPA2_PSK
2026-03-18 01:06:36,19.5308552,-99.0412979,,3C:A3:7E:7F:5D:22,8,-68,WPA2_PSK
2026-03-18 01:06:36,19.5308552,-99.0412979,Totalplay-1BAA,3C:A3:7E:7F:5D:20,8,-69,WPA2_PSK
2026-03-18 01:06:36,19.5308552,-99.0412979,ARRIS-FEF2,90:C7:92:49:FE:F0,1,-71,WPA_WPA2_PSK
2026-03-18 01:06:36,19.5308552,-99.0412979,Totalplay-2.4G-2d18,64:9D:F3:17:2D:18,6,-71,WPA2_PSK
2026-03-18 01:06:36,19.5308552,-99.0412979,Totalplay-14A5,A4:BD:C4:84:54:24,9,-71,WPA2_PSK
2026-03-18 01:06:36,19.5308552,-99.0412979,Mega-2.4G-CDB1,78:DD:33:61:B6:CC,2,-75,WPA2_PSK
2026-03-18 01:06:36,19.5308552,-99.0412979,TOTALPLAY_858582_2.4G,B0:5B:99:85:85:85,1,-76,WPA2_PSK
2026-03-18 01:06:36,19.5308552,-99.0412979,Nettowifi1WLAN,F4:1D:6B:2F:2A:88,2,-76,WPA2_PSK
2026-03-18 01:06:36,19.5308552,-99.0412979,Tenda_1826F0,50:0F:F5:18:26:F1,5,-76,WPA_WPA2_PSK
2026-03-18 01:06:36,19.5308552,-99.0412979,Totalplay-E2A1,AC:8D:34:BF:4F:0C,5,-76,WPA2_PSK
2026-03-18 01:06:36,19.5308552,-99.0412979,Club_Totalplay_WiFi,EC:E7:A2:67:E1:49,1,-77,OPEN
2026-03-18 01:06:36,19.5308552,-99.0412979,INFINITUM90EE_2.4,94:FE:9D:C8:71:99,1,-78,WPA2_PSK
2026-03-18 01:06:36,19.5308552,-99.0412979,,8A:69:3D:8B:03:92,4,-78,WPA2_PSK
2026-03-18 01:06:36,19.5308552,-99.0412979,IZZI-6D3E,18:9C:27:3F:75:52,11,-78,WPA2_PSK
2026-03-18 01:06:36,19.5308552,-99.0412979,,AC:8D:34:BF:4F:0F,5,-79,OPEN
2026-03-18 01:06:36,19.5308552,-99.0412979,,1A:9C:27:2F:75:52,11,-79,UNKNOWN
2026-03-18 01:06:36,19.5308552,-99.0412979,,8A:69:3D:8B:03:93,4,-80,OPEN
2026-03-18 01:06:36,19.5308552,-99.0412979,Totalplay-2.4G-e148,EC:E7:A2:67:E1:48,1,-81,WPA2_PSK
2026-03-18 01:06:36,19.5308552,-99.0412979,IZZI-FE1B,18:9C:27:40:54:D5,6,-83,WPA2_PSK
2026-03-18 01:06:36,19.5308552,-99.0412979,,1A:9C:27:20:54:D5,6,-83,UNKNOWN
2026-03-18 01:06:36,19.5308552,-99.0412979,Mega-2.4G-0CB1,EC:7C:2C:57:CC:3C,10,-83,WPA2_PSK
2026-03-18 01:06:36,19.5308552,-99.0412979,MODEM Ruben Cuarto ,D8:32:14:D4:FE:81,5,-84,WPA_WPA2_PSK
2026-03-18 01:06:36,19.5308552,-99.0412979,IZZI-083E,70:4F:B8:F8:E4:1D,11,-87,WPA2_PSK
2026-03-18 01:06:53,19.5308552,-99.0412979,TOTALPLAY_ECBA0B,34:6B:46:EC:BA:0B,11,-48,WPA2_PSK
2026-03-18 01:06:53,19.5308552,-99.0412979,IZZI-29A4,94:04:E3:EF:29:A8,1,-58,WPA2_PSK
2026-03-18 01:06:53,19.5308552,-99.0412979,Ariadnazashyd_2.4G,BC:47:32:02:FF:88,6,-58,WPA_WPA2_PSK
2026-03-18 01:06:53,19.5308552,-99.0412979,Home,18:A6:F7:BF:71:72,7,-61,WPA_WPA2_PSK
2026-03-18 01:06:53,19.5308552,-99.0412979,,A2:31:DB:A0:CC:C6,4,-62,WPA2_PSK
2026-03-18 01:06:53,19.5308552,-99.0412979,Club_Totalplay_WiFi,BC:47:32:02:FF:89,6,-62,OPEN
2026-03-18 01:06:53,19.5308552,-99.0412979,Mega_2.4G_D834,F4:E8:4F:FF:D8:34,3,-63,WPA2_PSK
2026-03-18 01:06:53,19.5308552,-99.0412979,Hogar,A2:31:DB:A0:CC:C4,4,-63,WPA2_PSK
2026-03-18 01:06:53,19.5308552,-99.0412979,,A2:31:DB:A0:CC:C7,4,-63,OPEN
2026-03-18 01:06:53,19.5308552,-99.0412979,,3C:A3:7E:7F:5D:22,8,-66,WPA2_PSK
2026-03-18 01:06:53,19.5308552,-99.0412979,Mega_2.4G_8B54,48:96:D9:26:8B:54,11,-66,WPA_WPA2_PSK
2026-03-18 01:06:53,19.5308552,-99.0412979,TOTALPLAY_E14025,3C:17:10:E1:40:25,11,-68,WPA2_PSK
2026-03-18 01:06:53,19.5308552,-99.0412979,Club_Totalplay_WiFi,3C:A3:7E:7F:5D:23,8,-69,OPEN
2026-03-18 01:06:53,19.5308552,-99.0412979,Totalplay-1BAA,3C:A3:7E:7F:5D:20,8,-70,WPA2_PSK
2026-03-18 01:06:53,19.5308552,-99.0412979,ARRIS-FEF2,90:C7:92:49:FE:F0,1,-71,WPA_WPA2_PSK
2026-03-18 01:06:53,19.5308552,-99.0412979,TOTALPLAY_858582_2.4G,B0:5B:99:85:85:85,1,-77,WPA2_PSK
2026-03-18 01:06:53,19.5308552,-99.0412979,Nettowifi1WLAN,F4:1D:6B:2F:2A:88,2,-77,WPA2_PSK
2026-03-18 01:06:53,19.5308552,-99.0412979,Totalplay-36B5,8A:69:3D:8B:03:90,4,-77,WPA2_PSK
2026-03-18 01:06:53,19.5308552,-99.0412979,Tenda_1826F0,50:0F:F5:18:26:F1,5,-77,WPA_WPA2_PSK
2026-03-18 01:06:53,19.5308552,-99.0412979,Club_Totalplay_WiFi,EC:E7:A2:67:E1:49,1,-80,OPEN
2026-03-18 01:06:53,19.5308552,-99.0412979,Totalplay-2.4G-e148,EC:E7:A2:67:E1:48,1,-80,WPA2_PSK
2026-03-18 01:06:53,19.5308552,-99.0412979,,AC:8D:34:BF:4F:0F,5,-80,OPEN
2026-03-18 01:06:53,19.5308552,-99.0412979,,1A:9C:27:2F:75:52,11,-80,UNKNOWN
2026-03-18 01:06:53,19.5308552,-99.0412979,,8A:69:3D:8B:03:92,4,-81,WPA2_PSK
2026-03-18 01:06:53,19.5308552,-99.0412979,INFINITUM5DB3,54:69:90:3C:4B:64,11,-86,WPA2_PSK
2026-03-18 01:07:09,19.5308552,-99.0412979,TOTALPLAY_ECBA0B,34:6B:46:EC:BA:0B,11,-46,WPA2_PSK
2026-03-18 01:07:09,19.5308552,-99.0412979,IZZI-29A4,94:04:E3:EF:29:A8,1,-59,WPA2_PSK
2026-03-18 01:07:09,19.5308552,-99.0412979,Home,18:A6:F7:BF:71:72,7,-59,WPA_WPA2_PSK
2026-03-18 01:07:09,19.5308552,-99.0412979,Mega_2.4G_D834,F4:E8:4F:FF:D8:34,3,-61,WPA2_PSK
2026-03-18 01:07:09,19.5308552,-99.0412979,Ariadnazashyd_2.4G,BC:47:32:02:FF:88,6,-64,WPA_WPA2_PSK
2026-03-18 01:07:09,19.5308552,-99.0412979,Hogar,A2:31:DB:A0:CC:C4,4,-67,WPA2_PSK
2026-03-18 01:07:09,19.5308552,-99.0412979,,A2:31:DB:A0:CC:C6,4,-67,WPA2_PSK
2026-03-18 01:07:09,19.5308552,-99.0412979,,A2:31:DB:A0:CC:C7,4,-67,OPEN
2026-03-18 01:07:09,19.5308552,-99.0412979,Mega_2.4G_8B54,48:96:D9:26:8B:54,11,-67,WPA_WPA2_PSK
2026-03-18 01:07:09,19.5308552,-99.0412979,ARRIS-FEF2,90:C7:92:49:FE:F0,1,-68,WPA_WPA2_PSK
2026-03-18 01:07:09,19.5308552,-99.0412979,,3C:A3:7E:7F:5D:22,8,-68,WPA2_PSK
2026-03-18 01:07:09,19.5308552,-99.0412979,TOTALPLAY_E14025,3C:17:10:E1:40:25,11,-69,WPA2_PSK
2026-03-18 01:07:09,19.5308552,-99.0412979,Club_Totalplay_WiFi,3C:A3:7E:7F:5D:23,8,-70,OPEN
2026-03-18 01:07:09,19.5308552,-99.0412979,Totalplay-14A5,A4:BD:C4:84:54:24,9,-70,WPA2_PSK
2026-03-18 01:07:09,19.5308552,-99.0412979,Club_Totalplay_WiFi,BC:47:32:02:FF:89,6,-71,OPEN
2026-03-18 01:07:09,19.5308552,-99.0412979,Totalplay-2.4G-2d18,64:9D:F3:17:2D:18,6,-71,WPA2_PSK
2026-03-18 01:07:09,19.5308552,-99.0412979,Totalplay-1BAA,3C:A3:7E:7F:5D:20,8,-71,WPA2_PSK
2026-03-18 01:07:09,19.5308552,-99.0412979,IZZI-D087,70:54:25:73:7A:49,6,-76,WPA2_PSK
2026-03-18 01:07:09,19.5308552,-99.0412979,IZZI-6D3E,18:9C:27:3F:75:52,11,-76,WPA2_PSK
2026-03-18 01:07:09,19.5308552,-99.0412979,Totalplay-E2A1,AC:8D:34:BF:4F:0C,5,-77,WPA2_PSK
2026-03-18 01:07:09,19.5308552,-99.0412979,Tenda_1826F0,50:0F:F5:18:26:F1,5,-77,WPA_WPA2_PSK
2026-03-18 01:07:09,19.5308552,-99.0412979,Totalplay-2.4G-e148,EC:E7:A2:67:E1:48,1,-78,WPA2_PSK
2026-03-18 01:07:09,19.5308552,-99.0412979,INFINITUM90EE_2.4,94:FE:9D:C8:71:99,1,-78,WPA2_PSK
2026-03-18 01:07:09,19.5308552,-99.0412979,TOTALPLAY_858582_2.4G,B0:5B:99:85:85:85,1,-78,WPA2_PSK
2026-03-18 01:07:09,19.5308552,-99.0412979,Nettowifi1WLAN,F4:1D:6B:2F:2A:88,2,-78,WPA2_PSK
2026-03-18 01:07:09,19.5308552,-99.0412979,,AC:8D:34:BF:4F:0F,5,-78,OPEN
2026-03-18 01:07:09,19.5308552,-99.0412979,Totalplay-36B5,8A:69:3D:8B:03:90,4,-79,WPA2_PSK
2026-03-18 01:07:09,19.5308552,-99.0412979,,1A:9C:27:2F:75:52,11,-79,UNKNOWN
2026-03-18 01:07:09,19.5308552,-99.0412979,Club_Totalplay_WiFi,EC:E7:A2:67:E1:49,1,-80,OPEN
2026-03-18 01:07:09,19.5308552,-99.0412979,,8A:69:3D:8B:03:93,4,-80,OPEN
2026-03-18 01:07:09,19.5308552,-99.0412979,,8A:69:3D:8B:03:92,4,-80,WPA2_PSK
2026-03-18 01:07:25,19.5308552,-99.0412979,TOTALPLAY_ECBA0B,34:6B:46:EC:BA:0B,11,-48,WPA2_PSK
2026-03-18 01:07:25,19.5308552,-99.0412979,IZZI-29A4,94:04:E3:EF:29:A8,1,-59,WPA2_PSK
2026-03-18 01:07:25,19.5308552,-99.0412979,Mega_2.4G_D834,F4:E8:4F:FF:D8:34,3,-60,WPA2_PSK
2026-03-18 01:07:25,19.5308552,-99.0412979,Club_Totalplay_WiFi,BC:47:32:02:FF:89,6,-65,OPEN
2026-03-18 01:07:25,19.5308552,-99.0412979,Totalplay-1BAA,3C:A3:7E:7F:5D:20,8,-65,WPA2_PSK
2026-03-18 01:07:25,19.5308552,-99.0412979,Hogar,A2:31:DB:A0:CC:C4,4,-66,WPA2_PSK
2026-03-18 01:07:25,19.5308552,-99.0412979,Mega_2.4G_8B54,48:96:D9:26:8B:54,11,-66,WPA_WPA2_PSK
2026-03-18 01:07:25,19.5308552,-99.0412979,ARRIS-FEF2,90:C7:92:49:FE:F0,1,-68,WPA_WPA2_PSK
2026-03-18 01:07:25,19.5308552,-99.0412979,,A2:31:DB:A0:CC:C6,4,-68,WPA2_PSK
2026-03-18 01:07:25,19.5308552,-99.0412979,,A2:31:DB:A0:CC:C7,4,-69,OPEN
2026-03-18 01:07:25,19.5308552,-99.0412979,,A4:BD:C4:84:54:26,9,-69,WPA2_PSK
2026-03-18 01:07:25,19.5308552,-99.0412979,Club_Totalplay_WiFi,3C:A3:7E:7F:5D:23,8,-70,OPEN
2026-03-18 01:07:25,19.5308552,-99.0412979,TOTALPLAY_E14025,3C:17:10:E1:40:25,11,-70,WPA2_PSK
2026-03-18 01:07:25,19.5308552,-99.0412979,Totalplay-14A5,A4:BD:C4:84:54:24,9,-71,WPA2_PSK
2026-03-18 01:07:25,19.5308552,-99.0412979,Totalplay-2.4G-2d18,64:9D:F3:17:2D:18,6,-73,WPA2_PSK
2026-03-18 01:07:25,19.5308552,-99.0412979,Totalplay-2.4G-e148,EC:E7:A2:67:E1:48,1,-77,WPA2_PSK
2026-03-18 01:07:25,19.5308552,-99.0412979,Nettowifi1WLAN,F4:1D:6B:2F:2A:88,2,-77,WPA2_PSK
2026-03-18 01:07:25,19.5308552,-99.0412979,Tenda_1826F0,50:0F:F5:18:26:F1,5,-77,WPA_WPA2_PSK
2026-03-18 01:07:25,19.5308552,-99.0412979,,AC:8D:34:BF:4F:0F,5,-77,OPEN
2026-03-18 01:07:25,19.5308552,-99.0412979,,72:54:25:23:7A:49,6,-77,UNKNOWN
2026-03-18 01:07:25,19.5308552,-99.0412979,Club_Totalplay_WiFi,EC:E7:A2:67:E1:49,1,-78,OPEN
2026-03-18 01:07:25,19.5308552,-99.0412979,Mega-2.4G-CDB1,78:DD:33:61:B6:CC,2,-78,WPA2_PSK
2026-03-18 01:07:25,19.5308552,-99.0412979,Totalplay-36B5,8A:69:3D:8B:03:90,4,-79,WPA2_PSK
2026-03-18 01:07:25,19.5308552,-99.0412979,,8A:69:3D:8B:03:92,4,-79,WPA2_PSK
2026-03-18 01:07:25,19.5308552,-99.0412979,IZZI-6D3E,18:9C:27:3F:75:52,11,-79,WPA2_PSK
2026-03-18 01:07:25,19.5308552,-99.0412979,,1A:9C:27:2F:75:52,11,-79,UNKNOWN
2026-03-18 01:07:25,19.5308552,-99.0412979,,AC:8D:34:BF:4F:0E,5,-80,WPA2_PSK
2026-03-18 01:07:25,19.5308552,-99.0412979,Totalplay-E2A1,AC:8D:34:BF:4F:0C,5,-81,WPA2_PSK
2026-03-18 01:07:25,19.5308552,-99.0412979,Totalplay-6EB1,0A:FA:28:16:C3:54,10,-83,WPA2_PSK
2026-03-18 01:07:42,19.5308552,-99.0412979,TOTALPLAY_ECBA0B,34:6B:46:EC:BA:0B,11,-48,WPA2_PSK
2026-03-18 01:07:42,19.5308552,-99.0412979,IZZI-29A4,94:04:E3:EF:29:A8,1,-61,WPA2_PSK
2026-03-18 01:07:42,19.5308552,-99.0412979,Mega_2.4G_D834,F4:E8:4F:FF:D8:34,3,-61,WPA2_PSK
2026-03-18 01:07:42,19.5308552,-99.0412979,Home,18:A6:F7:BF:71:72,7,-61,WPA_WPA2_PSK
2026-03-18 01:07:42,19.5308552,-99.0412979,Ariadnazashyd_2.4G,BC:47:32:02:FF:88,6,-64,WPA_WPA2_PSK
2026-03-18 01:07:42,19.5308552,-99.0412979,Club_Totalplay_WiFi,BC:47:32:02:FF:89,6,-65,OPEN
2026-03-18 01:07:42,19.5308552,-99.0412979,,A2:31:DB:A0:CC:C6,4,-66,WPA2_PSK
2026-03-18 01:07:42,19.5308552,-99.0412979,,A2:31:DB:A0:CC:C7,4,-66,OPEN
2026-03-18 01:07:42,19.5308552,-99.0412979,Hogar,A2:31:DB:A0:CC:C4,4,-67,WPA2_PSK
2026-03-18 01:07:42,19.5308552,-99.0412979,Mega_2.4G_8B54,48:96:D9:26:8B:54,11,-67,WPA_WPA2_PSK
2026-03-18 01:07:42,19.5308552,-99.0412979,Totalplay-1BAA,3C:A3:7E:7F:5D:20,8,-68,WPA2_PSK
2026-03-18 01:07:42,19.5308552,-99.0412979,Club_Totalplay_WiFi,3C:A3:7E:7F:5D:23,8,-69,OPEN
2026-03-18 01:07:42,19.5308552,-99.0412979,TOTALPLAY_E14025,3C:17:10:E1:40:25,11,-69,WPA2_PSK
2026-03-18 01:07:42,19.5308552,-99.0412979,Totalplay-14A5,A4:BD:C4:84:54:24,9,-70,WPA2_PSK
2026-03-18 01:07:42,19.5308552,-99.0412979,,A4:BD:C4:84:54:26,9,-75,WPA2_PSK
2026-03-18 01:07:42,19.5308552,-99.0412979,ARRIS-FEF2,90:C7:92:49:FE:F0,1,-76,WPA_WPA2_PSK
2026-03-18 01:07:42,19.5308552,-99.0412979,TOTALPLAY_858582_2.4G,B0:5B:99:85:85:85,1,-77,WPA2_PSK
2026-03-18 01:07:42,19.5308552,-99.0412979,Nettowifi1WLAN,F4:1D:6B:2F:2A:88,2,-77,WPA2_PSK
2026-03-18 01:07:42,19.5308552,-99.0412979,INFINITUM90EE_2.4,94:FE:9D:C8:71:99,1,-78,WPA2_PSK
2026-03-18 01:07:42,19.5308552,-99.0412979,Mega-2.4G-CDB1,78:DD:33:61:B6:CC,2,-78,WPA2_PSK
2026-03-18 01:07:42,19.5308552,-99.0412979,Totalplay-36B5,8A:69:3D:8B:03:90,4,-78,WPA2_PSK
2026-03-18 01:07:42,19.5308552,-99.0412979,,AC:8D:34:BF:4F:0F,5,-78,OPEN
2026-03-18 01:07:42,19.5308552,-99.0412979,Totalplay-E2A1,AC:8D:34:BF:4F:0C,5,-78,WPA2_PSK
2026-03-18 01:07:42,19.5308552,-99.0412979,Mega-2.4G-0CB1,EC:7C:2C:57:CC:3C,10,-78,WPA2_PSK
2026-03-18 01:07:42,19.5308552,-99.0412979,IZZI-6D3E,18:9C:27:3F:75:52,11,-78,WPA2_PSK
2026-03-18 01:07:42,19.5308552,-99.0412979,,1A:9C:27:2F:75:52,11,-78,UNKNOWN
2026-03-18 01:07:42,19.5308552,-99.0412979,,AC:8D:34:BF:4F:0E,5,-79,WPA2_PSK
2026-03-18 01:07:42,19.5308552,-99.0412979,,72:54:25:23:7A:49,6,-79,UNKNOWN
2026-03-18 01:07:42,19.5308552,-99.0412979,Totalplay-2.4G-e148,EC:E7:A2:67:E1:48,1,-80,WPA2_PSK
2026-03-18 01:07:42,19.5308552,-99.0412979,Club_Totalplay_WiFi,EC:E7:A2:67:E1:49,1,-80,OPEN
2026-03-18 01:07:42,19.5308552,-99.0412979,,8A:69:3D:8B:03:92,4,-80,WPA2_PSK
2026-03-18 01:07:42,19.5308552,-99.0412979,,8A:69:3D:8B:03:93,4,-80,OPEN
2026-03-18 01:07:58,19.5308552,-99.0412979,TOTALPLAY_ECBA0B,34:6B:46:EC:BA:0B,11,-48,WPA2_PSK
2026-03-18 01:07:58,19.5308552,-99.0412979,IZZI-29A4,94:04:E3:EF:29:A8,1,-59,WPA2_PSK
2026-03-18 01:07:58,19.5308552,-99.0412979,Club_Totalplay_WiFi,BC:47:32:02:FF:89,6,-60,OPEN
2026-03-18 01:07:58,19.5308552,-99.0412979,Mega_2.4G_D834,F4:E8:4F:FF:D8:34,3,-61,WPA2_PSK
2026-03-18 01:07:58,19.5308552,-99.0412979,Ariadnazashyd_2.4G,BC:47:32:02:FF:88,6,-63,WPA_WPA2_PSK
2026-03-18 01:07:58,19.5308552,-99.0412979,Hogar,A2:31:DB:A0:CC:C4,4,-65,WPA2_PSK
2026-03-18 01:07:58,19.5308552,-99.0412979,,A2:31:DB:A0:CC:C7,4,-65,OPEN
2026-03-18 01:07:58,19.5308552,-99.0412979,TOTALPLAY_E14025,3C:17:10:E1:40:25,11,-66,WPA2_PSK
2026-03-18 01:07:58,19.5308552,-99.0412979,Home,18:A6:F7:BF:71:72,7,-67,WPA_WPA2_PSK
2026-03-18 01:07:58,19.5308552,-99.0412979,Totalplay-1BAA,3C:A3:7E:7F:5D:20,8,-68,WPA2_PSK
2026-03-18 01:07:58,19.5308552,-99.0412979,,3C:A3:7E:7F:5D:22,8,-70,WPA2_PSK
2026-03-18 01:07:58,19.5308552,-99.0412979,Club_Totalplay_WiFi,3C:A3:7E:7F:5D:23,8,-73,OPEN
2026-03-18 01:07:58,19.5308552,-99.0412979,,A4:BD:C4:84:54:26,9,-75,WPA2_PSK
2026-03-18 01:07:58,19.5308552,-99.0412979,ARRIS-FEF2,90:C7:92:49:FE:F0,1,-77,WPA_WPA2_PSK
2026-03-18 01:07:58,19.5308552,-99.0412979,Totalplay-2.4G-e148,EC:E7:A2:67:E1:48,1,-77,WPA2_PSK
2026-03-18 01:07:58,19.5308552,-99.0412979,Club_Totalplay_WiFi,EC:E7:A2:67:E1:49,1,-78,OPEN
2026-03-18 01:07:58,19.5308552,-99.0412979,,AC:8D:34:BF:4F:0E,5,-78,WPA2_PSK
2026-03-18 01:07:58,19.5308552,-99.0412979,INFINITUM90EE_2.4,94:FE:9D:C8:71:99,1,-79,WPA2_PSK
2026-03-18 01:07:58,19.5308552,-99.0412979,Nettowifi1WLAN,F4:1D:6B:2F:2A:88,2,-79,WPA2_PSK
2026-03-18 01:07:58,19.5308552,-99.0412979,Mega-2.4G-CDB1,78:DD:33:61:B6:CC,2,-79,WPA2_PSK
2026-03-18 01:07:58,19.5308552,-99.0412979,Totalplay-36B5,8A:69:3D:8B:03:90,4,-80,WPA2_PSK
2026-03-18 01:07:58,19.5308552,-99.0412979,,8A:69:3D:8B:03:92,4,-80,WPA2_PSK
2026-03-18 01:07:58,19.5308552,-99.0412979,Totalplay-E2A1,AC:8D:34:BF:4F:0C,5,-80,WPA2_PSK
2026-03-18 01:07:58,19.5308552,-99.0412979,,72:54:25:23:7A:49,6,-80,UNKNOWN
2026-03-18 01:07:58,19.5308552,-99.0412979,IZZI-6D3E,18:9C:27:3F:75:52,11,-81,WPA2_PSK
2026-03-18 01:07:58,19.5308552,-99.0412979,,1A:9C:27:20:54:D5,6,-82,UNKNOWN
2026-03-18 01:07:58,19.5308552,-99.0412979,,0A:FA:28:16:C3:56,10,-86,WPA2_PSK
2026-03-18 01:07:58,19.5308552,-99.0412979,ZTE Blade L9,6A:CC:48:23:CF:47,10,-87,WPA2_WPA3_PSK
2026-03-18 01:08:14,19.5308552,-99.0412979,TOTALPLAY_ECBA0B,34:6B:46:EC:BA:0B,11,-48,WPA2_PSK
2026-03-18 01:08:14,19.5308552,-99.0412979,IZZI-29A4,94:04:E3:EF:29:A8,1,-60,WPA2_PSK
2026-03-18 01:08:14,19.5308552,-99.0412979,Mega_2.4G_D834,F4:E8:4F:FF:D8:34,3,-61,WPA2_PSK
2026-03-18 01:08:14,19.5308552,-99.0412979,Club_Totalplay_WiFi,BC:47:32:02:FF:89,6,-61,OPEN
2026-03-18 01:08:14,19.5308552,-99.0412979,Home,18:A6:F7:BF:71:72,7,-61,WPA_WPA2_PSK
2026-03-18 01:08:14,19.5308552,-99.0412979,Ariadnazashyd_2.4G,BC:47:32:02:FF:88,6,-62,WPA_WPA2_PSK
2026-03-18 01:08:14,19.5308552,-99.0412979,Hogar,A2:31:DB:A0:CC:C4,4,-67,WPA2_PSK
2026-03-18 01:08:14,19.5308552,-99.0412979,Mega_2.4G_8B54,48:96:D9:26:8B:54,11,-67,WPA_WPA2_PSK
2026-03-18 01:08:14,19.5308552,-99.0412979,,A2:31:DB:A0:CC:C7,4,-68,OPEN
2026-03-18 01:08:14,19.5308552,-99.0412979,,A2:31:DB:A0:CC:C6,4,-69,WPA2_PSK
2026-03-18 01:08:14,19.5308552,-99.0412979,Club_Totalplay_WiFi,3C:A3:7E:7F:5D:23,8,-69,OPEN
2026-03-18 01:08:14,19.5308552,-99.0412979,,3C:A3:7E:7F:5D:22,8,-69,WPA2_PSK
2026-03-18 01:08:14,19.5308552,-99.0412979,TOTALPLAY_E14025,3C:17:10:E1:40:25,11,-69,WPA2_PSK
2026-03-18 01:08:14,19.5308552,-99.0412979,Totalplay-2.4G-2d18,64:9D:F3:17:2D:18,6,-70,WPA2_PSK
2026-03-18 01:08:14,19.5308552,-99.0412979,Totalplay-1BAA,3C:A3:7E:7F:5D:20,8,-71,WPA2_PSK
2026-03-18 01:08:14,19.5308552,-99.0412979,Totalplay-14A5,A4:BD:C4:84:54:24,9,-71,WPA2_PSK
2026-03-18 01:08:14,19.5308552,-99.0412979,ARRIS-FEF2,90:C7:92:49:FE:F0,1,-72,WPA_WPA2_PSK
2026-03-18 01:08:14,19.5308552,-99.0412979,,A4:BD:C4:84:54:26,9,-74,WPA2_PSK
2026-03-18 01:08:14,19.5308552,-99.0412979,,8A:69:3D:8B:03:93,4,-75,OPEN
2026-03-18 01:08:14,19.5308552,-99.0412979,TOTALPLAY_858582_2.4G,B0:5B:99:85:85:85,1,-76,WPA2_PSK
2026-03-18 01:08:14,19.5308552,-99.0412979,,AC:8D:34:BF:4F:0E,5,-76,WPA2_PSK
2026-03-18 01:08:14,19.5308552,-99.0412979,Nettowifi1WLAN,F4:1D:6B:2F:2A:88,2,-77,WPA2_PSK
2026-03-18 01:08:14,19.5308552,-99.0412979,,8A:69:3D:8B:03:92,4,-77,WPA2_PSK
2026-03-18 01:08:14,19.5308552,-99.0412979,Tenda_1826F0,50:0F:F5:18:26:F1,5,-77,WPA_WPA2_PSK
2026-03-18 01:08:14,19.5308552,-99.0412979,,1A:9C:27:2F:75:52,11,-77,UNKNOWN
2026-03-18 01:08:14,19.5308552,-99.0412979,IZZI-6D3E,18:9C:27:3F:75:52,11,-80,WPA2_PSK
2026-03-18 01:08:14,19.5308552,-99.0412979,,AC:8D:34:BF:4F:0F,5,-81,OPEN
2026-03-18 01:08:14,19.5308552,-99.0412979,ZTE Blade L9,6A:CC:48:23:CF:47,10,-86,WPA2_WPA3_PSK
2026-03-18 01:08:31,19.5308552,-99.0412979,TOTALPLAY_ECBA0B,34:6B:46:EC:BA:0B,11,-48,WPA2_PSK
2026-03-18 01:08:31,19.5308552,-99.0412979,IZZI-29A4,94:04:E3:EF:29:A8,1,-58,WPA2_PSK
2026-03-18 01:08:31,19.5308552,-99.0412979,Mega_2.4G_D834,F4:E8:4F:FF:D8:34,3,-61,WPA2_PSK
2026-03-18 01:08:31,19.5308552,-99.0412979,Home,18:A6:F7:BF:71:72,7,-61,WPA_WPA2_PSK
2026-03-18 01:08:31,19.5308552,-99.0412979,,A2:31:DB:A0:CC:C7,4,-66,OPEN
2026-03-18 01:08:31,19.5308552,-99.0412979,Ariadnazashyd_2.4G,BC:47:32:02:FF:88,6,-66,WPA_WPA2_PSK
2026-03-18 01:08:31,19.5308552,-99.0412979,Club_Totalplay_WiFi,BC:47:32:02:FF:89,6,-66,OPEN
2026-03-18 01:08:31,19.5308552,-99.0412979,Mega_2.4G_8B54,48:96:D9:26:8B:54,11,-66,WPA_WPA2_PSK
2026-03-18 01:08:31,19.5308552,-99.0412979,TOTALPLAY_E14025,3C:17:10:E1:40:25,11,-67,WPA2_PSK
2026-03-18 01:08:31,19.5308552,-99.0412979,Hogar,A2:31:DB:A0:CC:C4,4,-68,WPA2_PSK
2026-03-18 01:08:31,19.5308552,-99.0412979,,A2:31:DB:A0:CC:C6,4,-68,WPA2_PSK
2026-03-18 01:08:31,19.5308552,-99.0412979,,3C:A3:7E:7F:5D:22,8,-69,WPA2_PSK
2026-03-18 01:08:31,19.5308552,-99.0412979,,A4:BD:C4:84:54:26,9,-69,WPA2_PSK
2026-03-18 01:08:31,19.5308552,-99.0412979,Totalplay-1BAA,3C:A3:7E:7F:5D:20,8,-70,WPA2_PSK
2026-03-18 01:08:31,19.5308552,-99.0412979,Club_Totalplay_WiFi,3C:A3:7E:7F:5D:23,8,-70,OPEN
2026-03-18 01:08:31,19.5308552,-99.0412979,Totalplay-14A5,A4:BD:C4:84:54:24,9,-70,WPA2_PSK
2026-03-18 01:08:31,19.5308552,-99.0412979,Nettowifi1WLAN,F4:1D:6B:2F:2A:88,2,-72,WPA2_PSK
2026-03-18 01:08:31,19.5308552,-99.0412979,Totalplay-2.4G-2d18,64:9D:F3:17:2D:18,6,-74,WPA2_PSK
2026-03-18 01:08:31,19.5308552,-99.0412979,ARRIS-FEF2,90:C7:92:49:FE:F0,1,-75,WPA_WPA2_PSK
2026-03-18 01:08:31,19.5308552,-99.0412979,IZZI-D087,70:54:25:73:7A:49,6,-75,WPA2_PSK
2026-03-18 01:08:31,19.5308552,-99.0412979,Totalplay-36B5,8A:69:3D:8B:03:90,4,-77,WPA2_PSK
2026-03-18 01:08:31,19.5308552,-99.0412979,INFINITUM90EE_2.4,94:FE:9D:C8:71:99,1,-78,WPA2_PSK
2026-03-18 01:08:31,19.5308552,-99.0412979,TOTALPLAY_858582_2.4G,B0:5B:99:85:85:85,1,-78,WPA2_PSK
2026-03-18 01:08:31,19.5308552,-99.0412979,Tenda_1826F0,50:0F:F5:18:26:F1,5,-78,WPA_WPA2_PSK
2026-03-18 01:08:31,19.5308552,-99.0412979,Totalplay-2.4G-e148,EC:E7:A2:67:E1:48,1,-79,WPA2_PSK
2026-03-18 01:08:31,19.5308552,-99.0412979,Totalplay-E2A1,AC:8D:34:BF:4F:0C,5,-79,WPA2_PSK
2026-03-18 01:08:31,19.5308552,-99.0412979,,72:54:25:23:7A:49,6,-79,UNKNOWN
2026-03-18 01:08:31,19.5308552,-99.0412979,IZZI-6D3E,18:9C:27:3F:75:52,11,-81,WPA2_PSK
2026-03-18 01:08:31,19.5308552,-99.0412979,,1A:9C:27:20:54:D5,6,-83,UNKNOWN
2026-03-18 01:08:31,19.5308552,-99.0412979,Totalplay-1C9C,58:F9:87:61:DB:E4,8,-85,WPA_WPA2_PSK
2026-03-18 01:08:47,19.5308552,-99.0412979,TOTALPLAY_ECBA0B,34:6B:46:EC:BA:0B,11,-48,WPA2_PSK
2026-03-18 01:08:47,19.5308552,-99.0412979,IZZI-29A4,94:04:E3:EF:29:A8,1,-59,WPA2_PSK
2026-03-18 01:08:47,19.5308552,-99.0412979,Mega_2.4G_D834,F4:E8:4F:FF:D8:34,3,-60,WPA2_PSK
2026-03-18 01:08:47,19.5308552,-99.0412979,Club_Totalplay_WiFi,BC:47:32:02:FF:89,6,-62,OPEN
2026-03-18 01:08:47,19.5308552,-99.0412979,Ariadnazashyd_2.4G,BC:47:32:02:FF:88,6,-63,WPA_WPA2_PSK
2026-03-18 01:08:47,19.5308552,-99.0412979,Mega_2.4G_8B54,48:96:D9:26:8B:54,11,-65,WPA_WPA2_PSK
2026-03-18 01:08:47,19.5308552,-99.0412979,,A2:31:DB:A0:CC:C6,4,-66,WPA2_PSK
2026-03-18 01:08:47,19.5308552,-99.0412979,Hogar,A2:31:DB:A0:CC:C4,4,-67,WPA2_PSK
2026-03-18 01:08:47,19.5308552,-99.0412979,TOTALPLAY_E14025,3C:17:10:E1:40:25,11,-67,WPA2_PSK
2026-03-18 01:08:47,19.5308552,-99.0412979,,A2:31:DB:A0:CC:C7,4,-68,OPEN
2026-03-18 01:08:47,19.5308552,-99.0412979,,A4:BD:C4:84:54:26,9,-69,WPA2_PSK
2026-03-18 01:08:47,19.5308552,-99.0412979,Club_Totalplay_WiFi,3C:A3:7E:7F:5D:23,8,-70,OPEN
2026-03-18 01:08:47,19.5308552,-99.0412979,Totalplay-1BAA,3C:A3:7E:7F:5D:20,8,-71,WPA2_PSK
2026-03-18 01:08:47,19.5308552,-99.0412979,Totalplay-14A5,A4:BD:C4:84:54:24,9,-71,WPA2_PSK
2026-03-18 01:08:47,19.5308552,-99.0412979,Totalplay-2.4G-2d18,64:9D:F3:17:2D:18,6,-72,WPA2_PSK
2026-03-18 01:08:47,19.5308552,-99.0412979,ARRIS-FEF2,90:C7:92:49:FE:F0,1,-74,WPA_WPA2_PSK
2026-03-18 01:08:47,19.5308552,-99.0412979,Mega-2.4G-CDB1,78:DD:33:61:B6:CC,2,-74,WPA2_PSK
2026-03-18 01:08:47,19.5308552,-99.0412979,INFINITUM90EE_2.4,94:FE:9D:C8:71:99,1,-75,WPA2_PSK
2026-03-18 01:08:47,19.5308552,-99.0412979,Nettowifi1WLAN,F4:1D:6B:2F:2A:88,2,-77,WPA2_PSK
2026-03-18 01:08:47,19.5308552,-99.0412979,Totalplay-E2A1,AC:8D:34:BF:4F:0C,5,-77,WPA2_PSK
2026-03-18 01:08:47,19.5308552,-99.0412979,,AC:8D:34:BF:4F:0F,5,-77,OPEN
2026-03-18 01:08:47,19.5308552,-99.0412979,TOTALPLAY_858582_2.4G,B0:5B:99:85:85:85,1,-78,WPA2_PSK
2026-03-18 01:08:47,19.5308552,-99.0412979,Totalplay-2.4G-e148,EC:E7:A2:67:E1:48,1,-78,WPA2_PSK
2026-03-18 01:08:47,19.5308552,-99.0412979,Tenda_1826F0,50:0F:F5:18:26:F1,5,-78,WPA_WPA2_PSK
2026-03-18 01:08:47,19.5308552,-99.0412979,,8A:69:3D:8B:03:92,4,-79,WPA2_PSK
2026-03-18 01:08:47,19.5308552,-99.0412979,,AC:8D:34:BF:4F:0E,5,-79,WPA2_PSK
2026-03-18 01:08:47,19.5308552,-99.0412979,,1A:9C:27:2F:75:52,11,-79,UNKNOWN
2026-03-18 01:08:47,19.5308552,-99.0412979,Totalplay-36B5,8A:69:3D:8B:03:90,4,-80,WPA2_PSK
2026-03-18 01:08:47,19.5308552,-99.0412979,,8A:69:3D:8B:03:93,4,-81,OPEN
2026-03-18 01:08:47,19.5308552,-99.0412979,Mega-2.4G-0CB1,EC:7C:2C:57:CC:3C,10,-85,WPA2_PSK
2026-03-18 01:08:47,19.5308552,-99.0412979,,0A:FA:28:16:C3:56,10,-88,WPA2_PSK
2026-03-18 01:09:03,19.5308552,-99.0412979,TOTALPLAY_ECBA0B,34:6B:46:EC:BA:0B,11,-48,WPA2_PSK
2026-03-18 01:09:03,19.5308552,-99.0412979,IZZI-29A4,94:04:E3:EF:29:A8,1,-60,WPA2_PSK
2026-03-18 01:09:03,19.5308552,-99.0412979,Mega_2.4G_D834,F4:E8:4F:FF:D8:34,3,-62,WPA2_PSK
2026-03-18 01:09:03,19.5308552,-99.0412979,Mega_2.4G_8B54,48:96:D9:26:8B:54,11,-63,WPA_WPA2_PSK
2026-03-18 01:09:03,19.5308552,-99.0412979,Club_Totalplay_WiFi,BC:47:32:02:FF:89,6,-65,OPEN
2026-03-18 01:09:03,19.5308552,-99.0412979,Ariadnazashyd_2.4G,BC:47:32:02:FF:88,6,-66,WPA_WPA2_PSK
2026-03-18 01:09:03,19.5308552,-99.0412979,TOTALPLAY_E14025,3C:17:10:E1:40:25,11,-67,WPA2_PSK
2026-03-18 01:09:03,19.5308552,-99.0412979,,A2:31:DB:A0:CC:C7,4,-68,OPEN
2026-03-18 01:09:03,19.5308552,-99.0412979,Hogar,A2:31:DB:A0:CC:C4,4,-69,WPA2_PSK
2026-03-18 01:09:03,19.5308552,-99.0412979,Totalplay-1BAA,3C:A3:7E:7F:5D:20,8,-69,WPA2_PSK
2026-03-18 01:09:03,19.5308552,-99.0412979,,A2:31:DB:A0:CC:C6,4,-70,WPA2_PSK
2026-03-18 01:09:03,19.5308552,-99.0412979,,3C:A3:7E:7F:5D:22,8,-70,WPA2_PSK
2026-03-18 01:09:03,19.5308552,-99.0412979,Totalplay-14A5,A4:BD:C4:84:54:24,9,-71,WPA2_PSK
2026-03-18 01:09:03,19.5308552,-99.0412979,Club_Totalplay_WiFi,3C:A3:7E:7F:5D:23,8,-72,OPEN
2026-03-18 01:09:03,19.5308552,-99.0412979,Mega-2.4G-CDB1,78:DD:33:61:B6:CC,2,-75,WPA2_PSK
2026-03-18 01:09:03,19.5308552,-99.0412979,Totalplay-2.4G-2d18,64:9D:F3:17:2D:18,6,-75,WPA2_PSK
2026-03-18 01:09:03,19.5308552,-99.0412979,,1A:9C:27:2F:75:52,11,-75,UNKNOWN
2026-03-18 01:09:03,19.5308552,-99.0412979,ARRIS-FEF2,90:C7:92:49:FE:F0,1,-76,WPA_WPA2_PSK
2026-03-18 01:09:03,19.5308552,-99.0412979,Totalplay-2.4G-e148,EC:E7:A2:67:E1:48,1,-77,WPA2_PSK
2026-03-18 01:09:03,19.5308552,-99.0412979,TOTALPLAY_858582_2.4G,B0:5B:99:85:85:85,1,-77,WPA2_PSK
2026-03-18 01:09:03,19.5308552,-99.0412979,Nettowifi1WLAN,F4:1D:6B:2F:2A:88,2,-77,WPA2_PSK
2026-03-18 01:09:03,19.5308552,-99.0412979,Totalplay-36B5,8A:69:3D:8B:03:90,4,-77,WPA2_PSK
2026-03-18 01:09:03,19.5308552,-99.0412979,IZZI-6D3E,18:9C:27:3F:75:52,11,-77,WPA2_PSK
2026-03-18 01:09:03,19.5308552,-99.0412979,Club_Totalplay_WiFi,EC:E7:A2:67:E1:49,1,-78,OPEN
2026-03-18 01:09:03,19.5308552,-99.0412979,INFINITUM90EE_2.4,94:FE:9D:C8:71:99,1,-78,WPA2_PSK
2026-03-18 01:09:03,19.5308552,-99.0412979,,AC:8D:34:BF:4F:0E,5,-78,WPA2_PSK
2026-03-18 01:09:03,19.5308552,-99.0412979,Totalplay-E2A1,AC:8D:34:BF:4F:0C,5,-78,WPA2_PSK
2026-03-18 01:09:03,19.5308552,-99.0412979,,AC:8D:34:BF:4F:0F,5,-78,OPEN
2026-03-18 01:09:03,19.5308552,-99.0412979,IZZI-D087,70:54:25:73:7A:49,6,-81,WPA2_PSK
2026-03-18 01:09:03,19.5308552,-99.0412979,,72:54:25:23:7A:49,6,-81,UNKNOWN
2026-03-18 01:09:03,19.5308552,-99.0412979,Mega-2.4G-A7B2,B0:C7:87:72:D2:C4,7,-82,WPA2_PSK
2026-03-18 01:09:03,19.5308552,-99.0412979,,72:4F:B8:A8:E4:1D,11,-83,UNKNOWN
2026-03-18 01:09:03,19.5308552,-99.0412979,IZZI-29F4,40:0F:C1:5D:29:F8,11,-83,WPA2_PSK
2026-03-18 01:09:03,19.5308552,-99.0412979,IZZI-083E,70:4F:B8:F8:E4:1D,11,-84,WPA2_PSK
2026-03-18 01:09:20,19.5308552,-99.0412979,TOTALPLAY_ECBA0B,34:6B:46:EC:BA:0B,11,-47,WPA2_PSK
2026-03-18 01:09:20,19.5308552,-99.0412979,IZZI-29A4,94:04:E3:EF:29:A8,1,-58,WPA2_PSK
2026-03-18 01:09:20,19.5308552,-99.0412979,Mega_2.4G_D834,F4:E8:4F:FF:D8:34,3,-62,WPA2_PSK
2026-03-18 01:09:20,19.5308552,-99.0412979,Home,18:A6:F7:BF:71:72,7,-63,WPA_WPA2_PSK
2026-03-18 01:09:20,19.5308552,-99.0412979,Club_Totalplay_WiFi,BC:47:32:02:FF:89,6,-64,OPEN
2026-03-18 01:09:20,19.5308552,-99.0412979,Mega_2.4G_8B54,48:96:D9:26:8B:54,11,-64,WPA_WPA2_PSK
2026-03-18 01:09:20,19.5308552,-99.0412979,Hogar,A2:31:DB:A0:CC:C4,4,-65,WPA2_PSK
2026-03-18 01:09:20,19.5308552,-99.0412979,,A2:31:DB:A0:CC:C6,4,-65,WPA2_PSK
2026-03-18 01:09:20,19.5308552,-99.0412979,,A2:31:DB:A0:CC:C7,4,-66,OPEN
2026-03-18 01:09:20,19.5308552,-99.0412979,Ariadnazashyd_2.4G,BC:47:32:02:FF:88,6,-66,WPA_WPA2_PSK
2026-03-18 01:09:20,19.5308552,-99.0412979,TOTALPLAY_E14025,3C:17:10:E1:40:25,11,-66,WPA2_PSK
2026-03-18 01:09:20,19.5308552,-99.0412979,Totalplay-1BAA,3C:A3:7E:7F:5D:20,8,-69,WPA2_PSK
2026-03-18 01:09:20,19.5308552,-99.0412979,,3C:A3:7E:7F:5D:22,8,-70,WPA2_PSK
2026-03-18 01:09:20,19.5308552,-99.0412979,Totalplay-2.4G-2d18,64:9D:F3:17:2D:18,6,-72,WPA2_PSK
2026-03-18 01:09:20,19.5308552,-99.0412979,Club_Totalplay_WiFi,3C:A3:7E:7F:5D:23,8,-72,OPEN
2026-03-18 01:09:20,19.5308552,-99.0412979,Totalplay-14A5,A4:BD:C4:84:54:24,9,-72,WPA2_PSK
2026-03-18 01:09:20,19.5308552,-99.0412979,Mega-2.4G-CDB1,78:DD:33:61:B6:CC,2,-75,WPA2_PSK
2026-03-18 01:09:20,19.5308552,-99.0412979,Nettowifi1WLAN,F4:1D:6B:2F:2A:88,2,-76,WPA2_PSK
2026-03-18 01:09:20,19.5308552,-99.0412979,Totalplay-36B5,8A:69:3D:8B:03:90,4,-77,WPA2_PSK
2026-03-18 01:09:20,19.5308552,-99.0412979,INFINITUM90EE_2.4,94:FE:9D:C8:71:99,1,-78,WPA2_PSK
2026-03-18 01:09:20,19.5308552,-99.0412979,,8A:69:3D:8B:03:92,4,-78,WPA2_PSK
2026-03-18 01:09:20,19.5308552,-99.0412979,,AC:8D:34:BF:4F:0E,5,-78,WPA2_PSK
2026-03-18 01:09:20,19.5308552,-99.0412979,Totalplay-E2A1,AC:8D:34:BF:4F:0C,5,-79,WPA2_PSK
2026-03-18 01:09:20,19.5308552,-99.0412979,IZZI-6D3E,18:9C:27:3F:75:52,11,-79,WPA2_PSK
2026-03-18 01:09:20,19.5308552,-99.0412979,IZZI-D087,70:54:25:73:7A:49,6,-80,WPA2_PSK
2026-03-18 01:09:20,19.5308552,-99.0412979,,1A:9C:27:2F:75:52,11,-80,UNKNOWN
2026-03-18 01:09:20,19.5308552,-99.0412979,,AC:8D:34:BF:4F:0F,5,-81,OPEN
2026-03-18 01:09:20,19.5308552,-99.0412979,Mega-2.4G-6AB2,E8:F9:D4:DF:F0:C4,9,-83,WPA2_PSK
2026-03-18 01:09:20,19.5308552,-99.0412979,,0A:FA:28:16:C3:56,10,-84,WPA2_PSK
2026-03-18 01:09:20,19.5308552,-99.0412979,IZZI-083E,70:4F:B8:F8:E4:1D,11,-84,WPA2_PSK
2026-03-18 01:09:36,19.5308552,-99.0412979,TOTALPLAY_ECBA0B,34:6B:46:EC:BA:0B,11,-48,WPA2_PSK
2026-03-18 01:09:36,19.5308552,-99.0412979,IZZI-29A4,94:04:E3:EF:29:A8,1,-57,WPA2_PSK
2026-03-18 01:09:36,19.5308552,-99.0412979,Home,18:A6:F7:BF:71:72,7,-60,WPA_WPA2_PSK
2026-03-18 01:09:36,19.5308552,-99.0412979,Mega_2.4G_D834,F4:E8:4F:FF:D8:34,3,-61,WPA2_PSK
2026-03-18 01:09:36,19.5308552,-99.0412979,Mega_2.4G_8B54,48:96:D9:26:8B:54,11,-63,WPA_WPA2_PSK
2026-03-18 01:09:36,19.5308552,-99.0412979,,A2:31:DB:A0:CC:C7,4,-65,OPEN
2026-03-18 01:09:36,19.5308552,-99.0412979,,A2:31:DB:A0:CC:C6,4,-65,WPA2_PSK
2026-03-18 01:09:36,19.5308552,-99.0412979,Club_Totalplay_WiFi,BC:47:32:02:FF:89,6,-65,OPEN
2026-03-18 01:09:36,19.5308552,-99.0412979,Hogar,A2:31:DB:A0:CC:C4,4,-66,WPA2_PSK
2026-03-18 01:09:36,19.5308552,-99.0412979,Ariadnazashyd_2.4G,BC:47:32:02:FF:88,6,-66,WPA_WPA2_PSK
2026-03-18 01:09:36,19.5308552,-99.0412979,TOTALPLAY_E14025,3C:17:10:E1:40:25,11,-67,WPA2_PSK
2026-03-18 01:09:36,19.5308552,-99.0412979,Totalplay-1BAA,3C:A3:7E:7F:5D:20,8,-68,WPA2_PSK
2026-03-18 01:09:36,19.5308552,-99.0412979,,3C:A3:7E:7F:5D:22,8,-68,WPA2_PSK
2026-03-18 01:09:36,19.5308552,-99.0412979,Totalplay-2.4G-2d18,64:9D:F3:17:2D:18,6,-70,WPA2_PSK
2026-03-18 01:09:36,19.5308552,-99.0412979,Club_Totalplay_WiFi,3C:A3:7E:7F:5D:23,8,-71,OPEN
2026-03-18 01:09:36,19.5308552,-99.0412979,Totalplay-14A5,A4:BD:C4:84:54:24,9,-71,WPA2_PSK
2026-03-18 01:09:36,19.5308552,-99.0412979,ARRIS-FEF2,90:C7:92:49:FE:F0,1,-72,WPA_WPA2_PSK
2026-03-18 01:09:36,19.5308552,-99.0412979,Tenda_1826F0,50:0F:F5:18:26:F1,5,-73,WPA_WPA2_PSK
2026-03-18 01:09:36,19.5308552,-99.0412979,Nettowifi1WLAN,F4:1D:6B:2F:2A:88,2,-75,WPA2_PSK
2026-03-18 01:09:36,19.5308552,-99.0412979,,AC:8D:34:BF:4F:0E,5,-77,WPA2_PSK
2026-03-18 01:09:36,19.5308552,-99.0412979,INFINITUM90EE_2.4,94:FE:9D:C8:71:99,1,-78,WPA2_PSK
2026-03-18 01:09:36,19.5308552,-99.0412979,Mega-2.4G-CDB1,78:DD:33:61:B6:CC,2,-78,WPA2_PSK
2026-03-18 01:09:36,19.5308552,-99.0412979,,8A:69:3D:8B:03:93,4,-78,OPEN
2026-03-18 01:09:36,19.5308552,-99.0412979,Club_Totalplay_WiFi,EC:E7:A2:67:E1:49,1,-79,OPEN
2026-03-18 01:09:36,19.5308552,-99.0412979,,E0:61:4A:F3:12:44,1,-79,OPEN
2026-03-18 01:09:36,19.5308552,-99.0412979,Mega-2.4G-A7B2,B0:C7:87:72:D2:C4,7,-79,WPA2_PSK
2026-03-18 01:09:36,19.5308552,-99.0412979,Totalplay-1C9C,58:F9:87:61:DB:E4,8,-80,WPA_WPA2_PSK
2026-03-18 01:09:36,19.5308552,-99.0412979,,1A:9C:27:2F:75:52,11,-80,UNKNOWN
2026-03-18 01:09:36,19.5308552,-99.0412979,,AC:8D:34:BF:4F:0F,5,-81,OPEN
2026-03-18 01:09:36,19.5308552,-99.0412979,IZZI-D087,70:54:25:73:7A:49,6,-81,WPA2_PSK
2026-03-18 01:09:36,19.5308552,-99.0412979,,72:54:25:23:7A:49,6,-81,UNKNOWN
2026-03-18 01:09:36,19.5308552,-99.0412979,IZZI-FE1B,18:9C:27:40:54:D5,6,-81,WPA2_PSK
2026-03-18 01:09:36,19.5308552,-99.0412979,IZZI-6D3E,18:9C:27:3F:75:52,11,-81,WPA2_PSK
2026-03-18 01:09:36,19.5308552,-99.0412979,Totalplay-E2A1,AC:8D:34:BF:4F:0C,5,-82,WPA2_PSK
2026-03-18 01:09:36,19.5308552,-99.0412979,,72:4F:B8:A8:E4:1D,11,-83,UNKNOWN
2026-03-18 01:09:36,19.5308552,-99.0412979,,1A:9C:27:20:54:D5,6,-84,UNKNOWN
2026-03-18 01:09:36,19.5308552,-99.0412979,IZZI-083E,70:4F:B8:F8:E4:1D,11,-84,WPA2_PSK
2026-03-18 01:09:52,19.5308552,-99.0412979,TOTALPLAY_ECBA0B,34:6B:46:EC:BA:0B,11,-47,WPA2_PSK
2026-03-18 01:09:52,19.5308552,-99.0412979,IZZI-29A4,94:04:E3:EF:29:A8,1,-60,WPA2_PSK
2026-03-18 01:09:52,19.5308552,-99.0412979,Mega_2.4G_D834,F4:E8:4F:FF:D8:34,3,-62,WPA2_PSK
2026-03-18 01:09:52,19.5308552,-99.0412979,Ariadnazashyd_2.4G,BC:47:32:02:FF:88,6,-62,WPA_WPA2_PSK
2026-03-18 01:09:52,19.5308552,-99.0412979,Hogar,A2:31:DB:A0:CC:C4,4,-64,WPA2_PSK
2026-03-18 01:09:52,19.5308552,-99.0412979,,A2:31:DB:A0:CC:C6,4,-64,WPA2_PSK
2026-03-18 01:09:52,19.5308552,-99.0412979,,A2:31:DB:A0:CC:C7,4,-64,OPEN
2026-03-18 01:09:52,19.5308552,-99.0412979,Mega_2.4G_8B54,48:96:D9:26:8B:54,11,-64,WPA_WPA2_PSK
2026-03-18 01:09:52,19.5308552,-99.0412979,Club_Totalplay_WiFi,BC:47:32:02:FF:89,6,-65,OPEN
2026-03-18 01:09:52,19.5308552,-99.0412979,ARRIS-FEF2,90:C7:92:49:FE:F0,1,-67,WPA_WPA2_PSK
2026-03-18 01:09:52,19.5308552,-99.0412979,TOTALPLAY_E14025,3C:17:10:E1:40:25,11,-67,WPA2_PSK
2026-03-18 01:09:52,19.5308552,-99.0412979,Home,18:A6:F7:BF:71:72,7,-69,WPA_WPA2_PSK
2026-03-18 01:09:52,19.5308552,-99.0412979,Totalplay-1BAA,3C:A3:7E:7F:5D:20,8,-69,WPA2_PSK
2026-03-18 01:09:52,19.5308552,-99.0412979,Club_Totalplay_WiFi,3C:A3:7E:7F:5D:23,8,-69,OPEN
2026-03-18 01:09:52,19.5308552,-99.0412979,,3C:A3:7E:7F:5D:22,8,-69,WPA2_PSK
2026-03-18 01:09:52,19.5308552,-99.0412979,Totalplay-14A5,A4:BD:C4:84:54:24,9,-72,WPA2_PSK
2026-03-18 01:09:52,19.5308552,-99.0412979,Totalplay-2.4G-2d18,64:9D:F3:17:2D:18,6,-74,WPA2_PSK
2026-03-18 01:09:52,19.5308552,-99.0412979,INFINITUM90EE_2.4,94:FE:9D:C8:71:99,1,-76,WPA2_PSK
2026-03-18 01:09:52,19.5308552,-99.0412979,TOTALPLAY_858582_2.4G,B0:5B:99:85:85:85,1,-77,WPA2_PSK
2026-03-18 01:09:52,19.5308552,-99.0412979,Club_Totalplay_WiFi,EC:E7:A2:67:E1:49,1,-78,OPEN
2026-03-18 01:09:52,19.5308552,-99.0412979,Mega-2.4G-CDB1,78:DD:33:61:B6:CC,2,-78,WPA2_PSK
2026-03-18 01:09:52,19.5308552,-99.0412979,Totalplay-36B5,8A:69:3D:8B:03:90,4,-78,WPA2_PSK
2026-03-18 01:09:52,19.5308552,-99.0412979,,8A:69:3D:8B:03:92,4,-78,WPA2_PSK
2026-03-18 01:09:52,19.5308552,-99.0412979,Tenda_1826F0,50:0F:F5:18:26:F1,5,-78,WPA_WPA2_PSK
2026-03-18 01:09:52,19.5308552,-99.0412979,,AC:8D:34:BF:4F:0F,5,-78,OPEN
2026-03-18 01:09:52,19.5308552,-99.0412979,,72:54:25:23:7A:49,6,-78,UNKNOWN
2026-03-18 01:09:52,19.5308552,-99.0412979,IZZI-6D3E,18:9C:27:3F:75:52,11,-78,WPA2_PSK
2026-03-18 01:09:52,19.5308552,-99.0412979,Totalplay-2.4G-e148,EC:E7:A2:67:E1:48,1,-79,WPA2_PSK
2026-03-18 01:09:52,19.5308552,-99.0412979,Totalplay-2.4G-1240,E0:61:4A:F3:12:41,1,-80,WPA_WPA2_PSK
2026-03-18 01:09:52,19.5308552,-99.0412979,IZZI-D087,70:54:25:73:7A:49,6,-80,WPA2_PSK
2026-03-18 01:09:52,19.5308552,-99.0412979,,1A:9C:27:2F:75:52,11,-80,UNKNOWN
2026-03-18 01:09:52,19.5308552,-99.0412979,,AC:8D:34:BF:4F:0E,5,-81,WPA2_PSK
2026-03-18 01:09:52,19.5308552,-99.0412979,Totalplay-E2A1,AC:8D:34:BF:4F:0C,5,-81,WPA2_PSK
2026-03-18 01:09:52,19.5308552,-99.0412979,IZZI-29F4,40:0F:C1:5D:29:F8,11,-83,WPA2_PSK
2026-03-18 01:09:52,19.5308552,-99.0412979,Mega-2.4G-0CB1,EC:7C:2C:57:CC:3C,10,-84,WPA2_PSK
2026-03-18 01:09:52,19.5308552,-99.0412979,Totalplay-1C9C,58:F9:87:61:DB:E4,8,-85,WPA_WPA2_PSK
2026-03-18 01:09:52,19.5308552,-99.0412979,,72:4F:B8:A8:E4:1D,11,-86,UNKNOWN
2026-03-18 01:10:09,19.5308552,-99.0412979,TOTALPLAY_ECBA0B,34:6B:46:EC:BA:0B,11,-48,WPA2_PSK
2026-03-18 01:10:09,19.5308552,-99.0412979,IZZI-29A4,94:04:E3:EF:29:A8,1,-59,WPA2_PSK
2026-03-18 01:10:09,19.5308552,-99.0412979,Mega_2.4G_D834,F4:E8:4F:FF:D8:34,3,-61,WPA2_PSK
2026-03-18 01:10:09,19.5308552,-99.0412979,TOTALPLAY_E14025,3C:17:10:E1:40:25,11,-64,WPA2_PSK
2026-03-18 01:10:09,19.5308552,-99.0412979,Mega_2.4G_8B54,48:96:D9:26:8B:54,11,-64,WPA_WPA2_PSK
2026-03-18 01:10:09,19.5308552,-99.0412979,,A2:31:DB:A0:CC:C6,4,-65,WPA2_PSK
2026-03-18 01:10:09,19.5308552,-99.0412979,Ariadnazashyd_2.4G,BC:47:32:02:FF:88,6,-65,WPA_WPA2_PSK
2026-03-18 01:10:09,19.5308552,-99.0412979,Club_Totalplay_WiFi,BC:47:32:02:FF:89,6,-65,OPEN
2026-03-18 01:10:09,19.5308552,-99.0412979,Hogar,A2:31:DB:A0:CC:C4,4,-66,WPA2_PSK
2026-03-18 01:10:09,19.5308552,-99.0412979,,A2:31:DB:A0:CC:C7,4,-66,OPEN
2026-03-18 01:10:09,19.5308552,-99.0412979,Totalplay-1BAA,3C:A3:7E:7F:5D:20,8,-68,WPA2_PSK
2026-03-18 01:10:09,19.5308552,-99.0412979,ARRIS-FEF2,90:C7:92:49:FE:F0,1,-70,WPA_WPA2_PSK
2026-03-18 01:10:09,19.5308552,-99.0412979,Club_Totalplay_WiFi,3C:A3:7E:7F:5D:23,8,-70,OPEN
2026-03-18 01:10:09,19.5308552,-99.0412979,,3C:A3:7E:7F:5D:22,8,-70,WPA2_PSK
2026-03-18 01:10:09,19.5308552,-99.0412979,Totalplay-14A5,A4:BD:C4:84:54:24,9,-71,WPA2_PSK
2026-03-18 01:10:09,19.5308552,-99.0412979,,A4:BD:C4:84:54:26,9,-71,WPA2_PSK
2026-03-18 01:10:09,19.5308552,-99.0412979,Totalplay-2.4G-2d18,64:9D:F3:17:2D:18,6,-73,WPA2_PSK
2026-03-18 01:10:09,19.5308552,-99.0412979,,3A:C8:04:D0:B3:19,1,-74,WPA2_PSK
2026-03-18 01:10:09,19.5308552,-99.0412979,INFINITUM90EE_2.4,94:FE:9D:C8:71:99,1,-75,WPA2_PSK
2026-03-18 01:10:09,19.5308552,-99.0412979,,AC:8D:34:BF:4F:0F,5,-77,OPEN
2026-03-18 01:10:09,19.5308552,-99.0412979,Tenda_1826F0,50:0F:F5:18:26:F1,5,-78,WPA_WPA2_PSK
2026-03-18 01:10:09,19.5308552,-99.0412979,,1A:9C:27:2F:75:52,11,-78,UNKNOWN
2026-03-18 01:10:09,19.5308552,-99.0412979,Totalplay-36B5,8A:69:3D:8B:03:90,4,-79,WPA2_PSK
2026-03-18 01:10:09,19.5308552,-99.0412979,,72:54:25:23:7A:49,6,-81,UNKNOWN
2026-03-18 01:10:09,19.5308552,-99.0412979,,8A:69:3D:8B:03:93,4,-82,OPEN
2026-03-18 01:10:09,19.5308552,-99.0412979,,AC:8D:34:BF:4F:0E,5,-82,WPA2_PSK
2026-03-18 01:10:09,19.5308552,-99.0412979,Totalplay-1C9C,58:F9:87:61:DB:E4,8,-84,WPA_WPA2_PSK
2026-03-18 01:10:09,19.5308552,-99.0412979,ZTE Blade L9,6A:CC:48:23:CF:47,10,-85,WPA2_WPA3_PSK
2026-03-18 01:10:09,19.5308552,-99.0412979,IZZI-083E,70:4F:B8:F8:E4:1D,11,-85,WPA2_PSK
2026-03-18 01:10:25,19.5308552,-99.0412979,TOTALPLAY_ECBA0B,34:6B:46:EC:BA:0B,11,-49,WPA2_PSK
2026-03-18 01:10:25,19.5308552,-99.0412979,IZZI-29A4,94:04:E3:EF:29:A8,1,-58,WPA2_PSK
2026-03-18 01:10:25,19.5308552,-99.0412979,Mega_2.4G_D834,F4:E8:4F:FF:D8:34,3,-62,WPA2_PSK
2026-03-18 01:10:25,19.5308552,-99.0412979,Home,18:A6:F7:BF:71:72,7,-62,WPA_WPA2_PSK
2026-03-18 01:10:25,19.5308552,-99.0412979,Mega_2.4G_8B54,48:96:D9:26:8B:54,11,-63,WPA_WPA2_PSK
2026-03-18 01:10:25,19.5308552,-99.0412979,Club_Totalplay_WiFi,BC:47:32:02:FF:89,6,-64,OPEN
2026-03-18 01:10:25,19.5308552,-99.0412979,Ariadnazashyd_2.4G,BC:47:32:02:FF:88,6,-65,WPA_WPA2_PSK
2026-03-18 01:10:25,19.5308552,-99.0412979,TOTALPLAY_E14025,3C:17:10:E1:40:25,11,-66,WPA2_PSK
2026-03-18 01:10:25,19.5308552,-99.0412979,Totalplay-14A5,A4:BD:C4:84:54:24,9,-69,WPA2_PSK
2026-03-18 01:10:25,19.5308552,-99.0412979,,A2:31:DB:A0:CC:C7,4,-70,OPEN
2026-03-18 01:10:25,19.5308552,-99.0412979,,A4:BD:C4:84:54:26,9,-70,WPA2_PSK
2026-03-18 01:10:25,19.5308552,-99.0412979,ARRIS-FEF2,90:C7:92:49:FE:F0,1,-71,WPA_WPA2_PSK
2026-03-18 01:10:25,19.5308552,-99.0412979,Totalplay-1BAA,3C:A3:7E:7F:5D:20,8,-71,WPA2_PSK
2026-03-18 01:10:25,19.5308552,-99.0412979,,A2:31:DB:A0:CC:C6,4,-72,WPA2_PSK
2026-03-18 01:10:25,19.5308552,-99.0412979,Club_Totalplay_WiFi,3C:A3:7E:7F:5D:23,8,-72,OPEN
2026-03-18 01:10:25,19.5308552,-99.0412979,Hogar,A2:31:DB:A0:CC:C4,4,-74,WPA2_PSK
2026-03-18 01:10:25,19.5308552,-99.0412979,Totalplay-2.4G-2d18,64:9D:F3:17:2D:18,6,-75,WPA2_PSK
2026-03-18 01:10:25,19.5308552,-99.0412979,,AC:8D:34:BF:4F:0F,5,-77,OPEN
2026-03-18 01:10:25,19.5308552,-99.0412979,,72:54:25:23:7A:49,6,-77,UNKNOWN
2026-03-18 01:10:25,19.5308552,-99.0412979,TOTALPLAY_858582_2.4G,B0:5B:99:85:85:85,1,-78,WPA2_PSK
2026-03-18 01:10:25,19.5308552,-99.0412979,Nettowifi1WLAN,F4:1D:6B:2F:2A:88,2,-78,WPA2_PSK
2026-03-18 01:10:25,19.5308552,-99.0412979,IZZI-6D3E,18:9C:27:3F:75:52,11,-78,WPA2_PSK
2026-03-18 01:10:25,19.5308552,-99.0412979,,1A:9C:27:2F:75:52,11,-79,UNKNOWN
2026-03-18 01:10:25,19.5308552,-99.0412979,,8A:69:3D:8B:03:92,4,-80,WPA2_PSK
2026-03-18 01:10:25,19.5308552,-99.0412979,,8A:69:3D:8B:03:93,4,-81,OPEN
2026-03-18 01:10:25,19.5308552,-99.0412979,IZZI-D087,70:54:25:73:7A:49,6,-81,WPA2_PSK
2026-03-18 01:10:25,19.5308552,-99.0412979,Totalplay-E2A1,AC:8D:34:BF:4F:0C,5,-82,WPA2_PSK
2026-03-18 01:10:25,19.5308552,-99.0412979,,AC:8D:34:BF:4F:0E,5,-82,WPA2_PSK
2026-03-18 01:10:25,19.5308552,-99.0412979,Tenda_1826F0,50:0F:F5:18:26:F1,5,-83,WPA_WPA2_PSK
2026-03-18 01:10:25,19.5308552,-99.0412979,,1A:9C:27:20:54:D5,6,-83,UNKNOWN
2026-03-18 01:10:25,19.5308552,-99.0412979,IZZI-083E,70:4F:B8:F8:E4:1D,11,-83,WPA2_PSK
,0.0000000,0.0000000,TOTALPLAY_ECBA0B,34:6B:46:EC:BA:0B,11,-49,WPA2_PSK
,0.0000000,0.0000000,IZZI-29A4,94:04:E3:EF:29:A8,1,-58,WPA2_PSK
,0.0000000,0.0000000,Mega_2.4G_D834,F4:E8:4F:FF:D8:34,3,-62,WPA2_PSK
,0.0000000,0.0000000,Home,18:A6:F7:BF:71:72,7,-63,WPA_WPA2_PSK
,0.0000000,0.0000000,Mega_2.4G_8B54,48:96:D9:26:8B:54,11,-63,WPA_WPA2_PSK
,0.0000000,0.0000000,Ariadnazashyd_2.4G,BC:47:32:02:FF:88,6,-65,WPA_WPA2_PSK
,0.0000000,0.0000000,Club_Totalplay_WiFi,BC:47:32:02:FF:89,6,-65,OPEN
,0.0000000,0.0000000,TOTALPLAY_E14025,3C:17:10:E1:40:25,11,-68,WPA2_PSK
,0.0000000,0.0000000,ARRIS-FEF2,90:C7:92:49:FE:F0,1,-70,WPA_WPA2_PSK
,0.0000000,0.0000000,Hogar,A2:31:DB:A0:CC:C4,4,-70,WPA2_PSK
,0.0000000,0.0000000,,A2:31:DB:A0:CC:C7,4,-70,OPEN
,0.0000000,0.0000000,Club_Totalplay_WiFi,3C:A3:7E:7F:5D:23,8,-70,OPEN
,0.0000000,0.0000000,,A2:31:DB:A0:CC:C6,4,-71,WPA2_PSK
,0.0000000,0.0000000,Totalplay-14A5,A4:BD:C4:84:54:24,9,-71,WPA2_PSK
,0.0000000,0.0000000,Totalplay-1BAA,3C:A3:7E:7F:5D:20,8,-72,WPA2_PSK
,0.0000000,0.0000000,Totalplay-2.4G-2d18,64:9D:F3:17:2D:18,6,-74,WPA2_PSK
,0.0000000,0.0000000,,3C:A3:7E:7F:5D:22,8,-74,WPA2_PSK
,0.0000000,0.0000000,IZZI-D087,70:54:25:73:7A:49,6,-75,WPA2_PSK
,0.0000000,0.0000000,Mega-2.4G-CDB1,78:DD:33:61:B6:CC,2,-76,WPA2_PSK
,0.0000000,0.0000000,Tenda_1826F0,50:0F:F5:18:26:F1,5,-76,WPA_WPA2_PSK
,0.0000000,0.0000000,Nettowifi1WLAN,F4:1D:6B:2F:2A:88,2,-78,WPA2_PSK
,0.0000000,0.0000000,,8A:69:3D:8B:03:92,4,-78,WPA2_PSK
,0.0000000,0.0000000,INFINITUM90EE_2.4,94:FE:9D:C8:71:99,1,-79,WPA2_PSK
,0.0000000,0.0000000,,AC:8D:34:BF:4F:0E,5,-79,WPA2_PSK
,0.0000000,0.0000000,IZZI-6D3E,18:9C:27:3F:75:52,11,-79,WPA2_PSK
,0.0000000,0.0000000,Totalplay-36B5,8A:69:3D:8B:03:90,4,-80,WPA2_PSK
,0.0000000,0.0000000,,8A:69:3D:8B:03:93,4,-80,OPEN
,0.0000000,0.0000000,,72:54:25:23:7A:49,6,-81,UNKNOWN
,0.0000000,0.0000000,IZZI-083E,70:4F:B8:F8:E4:1D,11,-83,WPA2_PSK
,0.0000000,0.0000000,TOTALPLAY_ECBA0B,34:6B:46:EC:BA:0B,11,-49,WPA2_PSK
,0.0000000,0.0000000,IZZI-29A4,94:04:E3:EF:29:A8,1,-60,WPA2_PSK
,0.0000000,0.0000000,Mega_2.4G_D834,F4:E8:4F:FF:D8:34,3,-62,WPA2_PSK
,0.0000000,0.0000000,Home,18:A6:F7:BF:71:72,7,-62,WPA_WPA2_PSK
,0.0000000,0.0000000,Mega_2.4G_8B54,48:96:D9:26:8B:54,11,-63,WPA_WPA2_PSK
,0.0000000,0.0000000,Ariadnazashyd_2.4G,BC:47:32:02:FF:88,6,-65,WPA_WPA2_PSK
,0.0000000,0.0000000,Club_Totalplay_WiFi,BC:47:32:02:FF:89,6,-65,OPEN
,0.0000000,0.0000000,TOTALPLAY_E14025,3C:17:10:E1:40:25,11,-66,WPA2_PSK
,0.0000000,0.0000000,,3C:A3:7E:7F:5D:22,8,-68,WPA2_PSK
,0.0000000,0.0000000,Totalplay-1BAA,3C:A3:7E:7F:5D:20,8,-69,WPA2_PSK
,0.0000000,0.0000000,Club_Totalplay_WiFi,3C:A3:7E:7F:5D:23,8,-70,OPEN
,0.0000000,0.0000000,Hogar,A2:31:DB:A0:CC:C4,4,-71,WPA2_PSK
,0.0000000,0.0000000,,A2:31:DB:A0:CC:C7,4,-73,OPEN
,0.0000000,0.0000000,,A2:31:DB:A0:CC:C6,4,-75,WPA2_PSK
,0.0000000,0.0000000,Totalplay-2.4G-2d18,64:9D:F3:17:2D:18,6,-75,WPA2_PSK
,0.0000000,0.0000000,ARRIS-FEF2,90:C7:92:49:FE:F0,1,-76,WPA_WPA2_PSK
,0.0000000,0.0000000,Nettowifi1WLAN,F4:1D:6B:2F:2A:88,2,-76,WPA2_PSK
,0.0000000,0.0000000,INFINITUM90EE_2.4,94:FE:9D:C8:71:99,1,-77,WPA2_PSK
,0.0000000,0.0000000,,1A:9C:27:2F:75:52,11,-77,UNKNOWN
,0.0000000,0.0000000,,AC:8D:34:BF:4F:0E,5,-78,WPA2_PSK
,0.0000000,0.0000000,,8A:69:3D:8B:03:93,4,-80,OPEN
,0.0000000,0.0000000,,AC:8D:34:BF:4F:0F,5,-80,OPEN
,0.0000000,0.0000000,,72:54:25:23:7A:49,6,-80,UNKNOWN
,0.0000000,0.0000000,IZZI-FE1B,18:9C:27:40:54:D5,6,-80,WPA2_PSK
,0.0000000,0.0000000,,8A:69:3D:8B:03:92,4,-81,WPA2_PSK
,0.0000000,0.0000000,Totalplay-E2A1,AC:8D:34:BF:4F:0C,5,-81,WPA2_PSK
,0.0000000,0.0000000,Totalplay-14A5,A4:BD:C4:84:54:24,9,-81,WPA2_PSK
,0.0000000,0.0000000,,B2:A4:F0:05:30:36,4,-82,WPA2_PSK
,0.0000000,0.0000000,Tenda_1826F0,50:0F:F5:18:26:F1,5,-82,WPA_WPA2_PSK
,0.0000000,0.0000000,Club_Totalplay_WiFi,B2:A4:F0:05:30:37,4,-83,OPEN
,0.0000000,0.0000000,,0A:FA:28:16:C3:56,10,-84,WPA2_PSK
,0.0000000,0.0000000,Mega-2.4G-0CB1,EC:7C:2C:57:CC:3C,10,-84,WPA2_PSK
,0.0000000,0.0000000,ZTE Blade L9,6A:CC:48:23:CF:47,10,-85,WPA2_WPA3_PSK
,0.0000000,0.0000000,IZZI-083E,70:4F:B8:F8:E4:1D,11,-85,WPA2_PSK
,0.0000000,0.0000000,IZZI-29F4,40:0F:C1:5D:29:F8,11,-85,WPA2_PSK
,0.0000000,0.0000000,,72:4F:B8:A8:E4:1D,11,-89,UNKNOWN
2026-03-18 01:11:14,19.5308552,-99.0412979,TOTALPLAY_ECBA0B,34:6B:46:EC:BA:0B,11,-50,WPA2_PSK
2026-03-18 01:11:14,19.5308552,-99.0412979,IZZI-29A4,94:04:E3:EF:29:A8,1,-59,WPA2_PSK
2026-03-18 01:11:14,19.5308552,-99.0412979,Home,18:A6:F7:BF:71:72,7,-61,WPA_WPA2_PSK
2026-03-18 01:11:14,19.5308552,-99.0412979,Mega_2.4G_D834,F4:E8:4F:FF:D8:34,3,-62,WPA2_PSK
2026-03-18 01:11:14,19.5308552,-99.0412979,Mega_2.4G_8B54,48:96:D9:26:8B:54,11,-64,WPA_WPA2_PSK
2026-03-18 01:11:14,19.5308552,-99.0412979,Hogar,A2:31:DB:A0:CC:C4,4,-65,WPA2_PSK
2026-03-18 01:11:14,19.5308552,-99.0412979,,A2:31:DB:A0:CC:C6,4,-66,WPA2_PSK
2026-03-18 01:11:14,19.5308552,-99.0412979,Ariadnazashyd_2.4G,BC:47:32:02:FF:88,6,-66,WPA_WPA2_PSK
2026-03-18 01:11:14,19.5308552,-99.0412979,Club_Totalplay_WiFi,BC:47:32:02:FF:89,6,-66,OPEN
2026-03-18 01:11:14,19.5308552,-99.0412979,TOTALPLAY_E14025,3C:17:10:E1:40:25,11,-66,WPA2_PSK
2026-03-18 01:11:14,19.5308552,-99.0412979,,A2:31:DB:A0:CC:C7,4,-67,OPEN
2026-03-18 01:11:14,19.5308552,-99.0412979,,A4:BD:C4:84:54:26,9,-68,WPA2_PSK
2026-03-18 01:11:14,19.5308552,-99.0412979,Totalplay-1BAA,3C:A3:7E:7F:5D:20,8,-69,WPA2_PSK
2026-03-18 01:11:14,19.5308552,-99.0412979,Club_Totalplay_WiFi,3C:A3:7E:7F:5D:23,8,-70,OPEN
2026-03-18 01:11:14,19.5308552,-99.0412979,,3C:A3:7E:7F:5D:22,8,-70,WPA2_PSK
2026-03-18 01:11:14,19.5308552,-99.0412979,ARRIS-FEF2,90:C7:92:49:FE:F0,1,-71,WPA_WPA2_PSK
2026-03-18 01:11:14,19.5308552,-99.0412979,Totalplay-14A5,A4:BD:C4:84:54:24,9,-71,WPA2_PSK
2026-03-18 01:11:14,19.5308552,-99.0412979,,3A:C8:04:D0:B3:19,1,-75,WPA2_PSK
2026-03-18 01:11:14,19.5308552,-99.0412979,TOTALPLAY_858582_2.4G,B0:5B:99:85:85:85,1,-76,WPA2_PSK
2026-03-18 01:11:14,19.5308552,-99.0412979,Totalplay-2.4G-e148,EC:E7:A2:67:E1:48,1,-77,WPA2_PSK
2026-03-18 01:11:14,19.5308552,-99.0412979,INFINITUM90EE_2.4,94:FE:9D:C8:71:99,1,-77,WPA2_PSK
2026-03-18 01:11:14,19.5308552,-99.0412979,Nettowifi1WLAN,F4:1D:6B:2F:2A:88,2,-78,WPA2_PSK
2026-03-18 01:11:14,19.5308552,-99.0412979,Club_Totalplay_WiFi,EC:E7:A2:67:E1:49,1,-79,OPEN
2026-03-18 01:11:14,19.5308552,-99.0412979,Totalplay-36B5,8A:69:3D:8B:03:90,4,-79,WPA2_PSK
2026-03-18 01:11:14,19.5308552,-99.0412979,Tenda_1826F0,50:0F:F5:18:26:F1,5,-79,WPA_WPA2_PSK
2026-03-18 01:11:14,19.5308552,-99.0412979,IZZI-D087,70:54:25:73:7A:49,6,-79,WPA2_PSK
2026-03-18 01:11:14,19.5308552,-99.0412979,IZZI-6D3E,18:9C:27:3F:75:52,11,-79,WPA2_PSK
2026-03-18 01:11:14,19.5308552,-99.0412979,,1A:9C:27:2F:75:52,11,-79,UNKNOWN
2026-03-18 01:11:14,19.5308552,-99.0412979,,72:54:25:23:7A:49,6,-80,UNKNOWN
2026-03-18 01:11:14,19.5308552,-99.0412979,,8A:69:3D:8B:03:92,4,-81,WPA2_PSK
2026-03-18 01:11:14,19.5308552,-99.0412979,,AC:8D:34:BF:4F:0E,5,-81,WPA2_PSK
2026-03-18 01:11:14,19.5308552,-99.0412979,,1A:9C:27:20:54:D5,6,-81,UNKNOWN
2026-03-18 01:11:14,19.5308552,-99.0412979,Totalplay-E2A1,AC:8D:34:BF:4F:0C,5,-83,WPA2_PSK
2026-03-18 01:11:14,19.5308552,-99.0412979,IZZI-29F4,40:0F:C1:5D:29:F8,11,-86,WPA2_PSK
2026-03-18 01:11:30,19.5308552,-99.0412979,TOTALPLAY_ECBA0B,34:6B:46:EC:BA:0B,11,-49,WPA2_PSK
2026-03-18 01:11:30,19.5308552,-99.0412979,IZZI-29A4,94:04:E3:EF:29:A8,1,-59,WPA2_PSK
2026-03-18 01:11:30,19.5308552,-99.0412979,Mega_2.4G_D834,F4:E8:4F:FF:D8:34,3,-62,WPA2_PSK
2026-03-18 01:11:30,19.5308552,-99.0412979,,A2:31:DB:A0:CC:C6,4,-65,WPA2_PSK
2026-03-18 01:11:30,19.5308552,-99.0412979,Club_Totalplay_WiFi,BC:47:32:02:FF:89,6,-65,OPEN
2026-03-18 01:11:30,19.5308552,-99.0412979,,A2:31:DB:A0:CC:C7,4,-66,OPEN
2026-03-18 01:11:30,19.5308552,-99.0412979,Hogar,A2:31:DB:A0:CC:C4,4,-66,WPA2_PSK
2026-03-18 01:11:30,19.5308552,-99.0412979,Ariadnazashyd_2.4G,BC:47:32:02:FF:88,6,-66,WPA_WPA2_PSK
2026-03-18 01:11:30,19.5308552,-99.0412979,TOTALPLAY_E14025,3C:17:10:E1:40:25,11,-66,WPA2_PSK
2026-03-18 01:11:30,19.5308552,-99.0412979,Totalplay-14A5,A4:BD:C4:84:54:24,9,-67,WPA2_PSK
2026-03-18 01:11:30,19.5308552,-99.0412979,Totalplay-1BAA,3C:A3:7E:7F:5D:20,8,-70,WPA2_PSK
2026-03-18 01:11:30,19.5308552,-99.0412979,ARRIS-FEF2,90:C7:92:49:FE:F0,1,-71,WPA_WPA2_PSK
2026-03-18 01:11:30,19.5308552,-99.0412979,,A4:BD:C4:84:54:26,9,-71,WPA2_PSK
2026-03-18 01:11:30,19.5308552,-99.0412979,Club_Totalplay_WiFi,3C:A3:7E:7F:5D:23,8,-72,OPEN
2026-03-18 01:11:30,19.5308552,-99.0412979,,3C:A3:7E:7F:5D:22,8,-72,WPA2_PSK
2026-03-18 01:11:30,19.5308552,-99.0412979,,3A:C8:04:D0:B3:19,1,-75,WPA2_PSK
2026-03-18 01:11:30,19.5308552,-99.0412979,Totalplay-2.4G-2d18,64:9D:F3:17:2D:18,6,-75,WPA2_PSK
2026-03-18 01:11:30,19.5308552,-99.0412979,Club_Totalplay_WiFi,EC:E7:A2:67:E1:49,1,-77,OPEN
2026-03-18 01:11:30,19.5308552,-99.0412979,Mega-2.4G-CDB1,78:DD:33:61:B6:CC,2,-77,WPA2_PSK
2026-03-18 01:11:30,19.5308552,-99.0412979,Totalplay-E2A1,AC:8D:34:BF:4F:0C,5,-77,WPA2_PSK
2026-03-18 01:11:30,19.5308552,-99.0412979,,AC:8D:34:BF:4F:0F,5,-77,OPEN
2026-03-18 01:11:30,19.5308552,-99.0412979,,1A:9C:27:2F:75:52,11,-77,UNKNOWN
2026-03-18 01:11:30,19.5308552,-99.0412979,INFINITUM90EE_2.4,94:FE:9D:C8:71:99,1,-78,WPA2_PSK
2026-03-18 01:11:30,19.5308552,-99.0412979,Totalplay-36B5,8A:69:3D:8B:03:90,4,-78,WPA2_PSK
2026-03-18 01:11:30,19.5308552,-99.0412979,Mega_2.4G_8B54,48:96:D9:26:8B:54,11,-78,WPA_WPA2_PSK
2026-03-18 01:11:30,19.5308552,-99.0412979,TOTALPLAY_858582_2.4G,B0:5B:99:85:85:85,1,-79,WPA2_PSK
2026-03-18 01:11:30,19.5308552,-99.0412979,,8A:69:3D:8B:03:92,4,-79,WPA2_PSK
2026-03-18 01:11:30,19.5308552,-99.0412979,Tenda_1826F0,50:0F:F5:18:26:F1,5,-79,WPA_WPA2_PSK
2026-03-18 01:11:30,19.5308552,-99.0412979,IZZI-D087,70:54:25:73:7A:49,6,-80,WPA2_PSK
2026-03-18 01:11:30,19.5308552,-99.0412979,,72:54:25:23:7A:49,6,-80,UNKNOWN
2026-03-18 01:11:30,19.5308552,-99.0412979,,8A:69:3D:8B:03:93,4,-81,OPEN
2026-03-18 01:11:30,19.5308552,-99.0412979,,AC:8D:34:BF:4F:0E,5,-83,WPA2_PSK
2026-03-18 01:11:30,19.5308552,-99.0412979,,B2:A4:F0:05:30:36,4,-85,WPA2_PSK
2026-03-18 01:11:30,19.5308552,-99.0412979,IZZI-29F4,40:0F:C1:5D:29:F8,11,-85,WPA2_PSK
2026-03-18 01:11:30,19.5308552,-99.0412979,Club_Totalplay_WiFi,0A:FA:28:16:C3:57,10,-86,OPEN
2026-03-18 01:11:30,19.5308552,-99.0412979,,72:4F:B8:A8:E4:1D,11,-86,UNKNOWN
2026-03-18 01:11:30,19.5308552,-99.0412979,IZZI-083E,70:4F:B8:F8:E4:1D,11,-87,WPA2_PSK
2026-03-18 01:11:47,19.5308552,-99.0412979,TOTALPLAY_ECBA0B,34:6B:46:EC:BA:0B,11,-47,WPA2_PSK
2026-03-18 01:11:47,19.5308552,-99.0412979,Home,18:A6:F7:BF:71:72,7,-59,WPA_WPA2_PSK
2026-03-18 01:11:47,19.5308552,-99.0412979,IZZI-29A4,94:04:E3:EF:29:A8,1,-60,WPA2_PSK
2026-03-18 01:11:47,19.5308552,-99.0412979,Mega_2.4G_D834,F4:E8:4F:FF:D8:34,3,-61,WPA2_PSK
2026-03-18 01:11:47,19.5308552,-99.0412979,Mega_2.4G_8B54,48:96:D9:26:8B:54,11,-64,WPA_WPA2_PSK
2026-03-18 01:11:47,19.5308552,-99.0412979,,A2:31:DB:A0:CC:C7,4,-65,OPEN
2026-03-18 01:11:47,19.5308552,-99.0412979,Ariadnazashyd_2.4G,BC:47:32:02:FF:88,6,-65,WPA_WPA2_PSK
2026-03-18 01:11:47,19.5308552,-99.0412979,Club_Totalplay_WiFi,BC:47:32:02:FF:89,6,-65,OPEN
2026-03-18 01:11:47,19.5308552,-99.0412979,Hogar,A2:31:DB:A0:CC:C4,4,-66,WPA2_PSK
2026-03-18 01:11:47,19.5308552,-99.0412979,TOTALPLAY_E14025,3C:17:10:E1:40:25,11,-67,WPA2_PSK
2026-03-18 01:11:47,19.5308552,-99.0412979,Totalplay-1BAA,3C:A3:7E:7F:5D:20,8,-69,WPA2_PSK
2026-03-18 01:11:47,19.5308552,-99.0412979,Club_Totalplay_WiFi,3C:A3:7E:7F:5D:23,8,-69,OPEN
2026-03-18 01:11:47,19.5308552,-99.0412979,,3C:A3:7E:7F:5D:22,8,-70,WPA2_PSK
2026-03-18 01:11:47,19.5308552,-99.0412979,Totalplay-14A5,A4:BD:C4:84:54:24,9,-71,WPA2_PSK
2026-03-18 01:11:47,19.5308552,-99.0412979,,A4:BD:C4:84:54:26,9,-71,WPA2_PSK
2026-03-18 01:11:47,19.5308552,-99.0412979,Nettowifi1WLAN,F4:1D:6B:2F:2A:88,2,-72,WPA2_PSK
2026-03-18 01:11:47,19.5308552,-99.0412979,,3A:C8:04:D0:B3:19,1,-73,WPA2_PSK
2026-03-18 01:11:47,19.5308552,-99.0412979,Totalplay-2.4G-2d18,64:9D:F3:17:2D:18,6,-75,WPA2_PSK
2026-03-18 01:11:47,19.5308552,-99.0412979,ARRIS-FEF2,90:C7:92:49:FE:F0,1,-77,WPA_WPA2_PSK
2026-03-18 01:11:47,19.5308552,-99.0412979,Club_Totalplay_WiFi,EC:E7:A2:67:E1:49,1,-77,OPEN
2026-03-18 01:11:47,19.5308552,-99.0412979,Totalplay-36B5,8A:69:3D:8B:03:90,4,-78,WPA2_PSK
2026-03-18 01:11:47,19.5308552,-99.0412979,,AC:8D:34:BF:4F:0E,5,-78,WPA2_PSK
2026-03-18 01:11:47,19.5308552,-99.0412979,Totalplay-E2A1,AC:8D:34:BF:4F:0C,5,-78,WPA2_PSK
2026-03-18 01:11:47,19.5308552,-99.0412979,,AC:8D:34:BF:4F:0F,5,-78,OPEN
2026-03-18 01:11:47,19.5308552,-99.0412979,,1A:9C:27:2F:75:52,11,-78,UNKNOWN
2026-03-18 01:11:47,19.5308552,-99.0412979,Mega-2.4G-CDB1,78:DD:33:61:B6:CC,2,-79,WPA2_PSK
2026-03-18 01:11:47,19.5308552,-99.0412979,Tenda_1826F0,50:0F:F5:18:26:F1,5,-79,WPA_WPA2_PSK
2026-03-18 01:11:47,19.5308552,-99.0412979,IZZI-D087,70:54:25:73:7A:49,6,-79,WPA2_PSK
2026-03-18 01:11:47,19.5308552,-99.0412979,IZZI-6D3E,18:9C:27:3F:75:52,11,-79,WPA2_PSK
2026-03-18 01:11:47,19.5308552,-99.0412979,Totalplay-2.4G-1240,E0:61:4A:F3:12:41,1,-80,WPA_WPA2_PSK
2026-03-18 01:11:47,19.5308552,-99.0412979,,8A:69:3D:8B:03:92,4,-80,WPA2_PSK
2026-03-18 01:11:47,19.5308552,-99.0412979,,72:54:25:23:7A:49,6,-80,UNKNOWN
2026-03-18 01:11:47,19.5308552,-99.0412979,INFINITUM90EE_2.4,94:FE:9D:C8:71:99,1,-82,WPA2_PSK
2026-03-18 01:11:47,19.5308552,-99.0412979,,1A:9C:27:20:54:D5,6,-83,UNKNOWN
2026-03-18 01:11:47,19.5308552,-99.0412979,,72:4F:B8:A8:E4:1D,11,-84,UNKNOWN
2026-03-18 01:11:47,19.5308552,-99.0412979,IZZI-29F4,40:0F:C1:5D:29:F8,11,-84,WPA2_PSK
2026-03-18 01:11:47,19.5308552,-99.0412979,Mega-2.4G-A7B2,B0:C7:87:72:D2:C4,7,-86,WPA2_PSK
2026-03-18 01:11:47,19.5308552,-99.0412979,IZZI-083E,70:4F:B8:F8:E4:1D,11,-88,WPA2_PSK
2026-03-18 01:12:03,19.5308552,-99.0412979,TOTALPLAY_ECBA0B,34:6B:46:EC:BA:0B,11,-47,WPA2_PSK
2026-03-18 01:12:03,19.5308552,-99.0412979,IZZI-29A4,94:04:E3:EF:29:A8,1,-59,WPA2_PSK
2026-03-18 01:12:03,19.5308552,-99.0412979,Mega_2.4G_D834,F4:E8:4F:FF:D8:34,3,-61,WPA2_PSK
2026-03-18 01:12:03,19.5308552,-99.0412979,Home,18:A6:F7:BF:71:72,7,-61,WPA_WPA2_PSK
2026-03-18 01:12:03,19.5308552,-99.0412979,Hogar,A2:31:DB:A0:CC:C4,4,-63,WPA2_PSK
2026-03-18 01:12:03,19.5308552,-99.0412979,,A2:31:DB:A0:CC:C6,4,-63,WPA2_PSK
2026-03-18 01:12:03,19.5308552,-99.0412979,,A2:31:DB:A0:CC:C7,4,-63,OPEN
2026-03-18 01:12:03,19.5308552,-99.0412979,Mega_2.4G_8B54,48:96:D9:26:8B:54,11,-63,WPA_WPA2_PSK
2026-03-18 01:12:03,19.5308552,-99.0412979,Club_Totalplay_WiFi,BC:47:32:02:FF:89,6,-65,OPEN
2026-03-18 01:12:03,19.5308552,-99.0412979,Ariadnazashyd_2.4G,BC:47:32:02:FF:88,6,-66,WPA_WPA2_PSK
2026-03-18 01:12:03,19.5308552,-99.0412979,TOTALPLAY_E14025,3C:17:10:E1:40:25,11,-67,WPA2_PSK
2026-03-18 01:12:03,19.5308552,-99.0412979,Totalplay-1BAA,3C:A3:7E:7F:5D:20,8,-68,WPA2_PSK
2026-03-18 01:12:03,19.5308552,-99.0412979,ARRIS-FEF2,90:C7:92:49:FE:F0,1,-70,WPA_WPA2_PSK
2026-03-18 01:12:03,19.5308552,-99.0412979,Totalplay-14A5,A4:BD:C4:84:54:24,9,-70,WPA2_PSK
2026-03-18 01:12:03,19.5308552,-99.0412979,,3C:A3:7E:7F:5D:22,8,-71,WPA2_PSK
2026-03-18 01:12:03,19.5308552,-99.0412979,Club_Totalplay_WiFi,3C:A3:7E:7F:5D:23,8,-72,OPEN
2026-03-18 01:12:03,19.5308552,-99.0412979,Totalplay-2.4G-2d18,64:9D:F3:17:2D:18,6,-73,WPA2_PSK
2026-03-18 01:12:03,19.5308552,-99.0412979,Nettowifi1WLAN,F4:1D:6B:2F:2A:88,2,-74,WPA2_PSK
2026-03-18 01:12:03,19.5308552,-99.0412979,,AC:8D:34:BF:4F:0E,5,-75,WPA2_PSK
2026-03-18 01:12:03,19.5308552,-99.0412979,Mega-2.4G-0CB1,EC:7C:2C:57:CC:3C,10,-76,WPA2_PSK
2026-03-18 01:12:03,19.5308552,-99.0412979,TOTALPLAY_858582_2.4G,B0:5B:99:85:85:85,1,-77,WPA2_PSK
2026-03-18 01:12:03,19.5308552,-99.0412979,Club_Totalplay_WiFi,EC:E7:A2:67:E1:49,1,-77,OPEN
2026-03-18 01:12:03,19.5308552,-99.0412979,Mega-2.4G-CDB1,78:DD:33:61:B6:CC,2,-78,WPA2_PSK
2026-03-18 01:12:03,19.5308552,-99.0412979,INFINITUM90EE_2.4,94:FE:9D:C8:71:99,1,-79,WPA2_PSK
2026-03-18 01:12:03,19.5308552,-99.0412979,,72:54:25:23:7A:49,6,-79,UNKNOWN
2026-03-18 01:12:03,19.5308552,-99.0412979,Totalplay-2.4G-e148,EC:E7:A2:67:E1:48,1,-80,WPA2_PSK
2026-03-18 01:12:03,19.5308552,-99.0412979,,AC:8D:34:BF:4F:0F,5,-81,OPEN
2026-03-18 01:12:03,19.5308552,-99.0412979,Totalplay-E2A1,AC:8D:34:BF:4F:0C,5,-82,WPA2_PSK
2026-03-18 01:12:03,19.5308552,-99.0412979,Totalplay-36B5,8A:69:3D:8B:03:90,4,-85,WPA2_PSK
2026-03-18 01:12:03,19.5308552,-99.0412979,,72:4F:B8:A8:E4:1D,11,-85,UNKNOWN
2026-03-18 01:12:19,19.5308552,-99.0412979,TOTALPLAY_ECBA0B,34:6B:46:EC:BA:0B,11,-47,WPA2_PSK
2026-03-18 01:12:19,19.5308552,-99.0412979,IZZI-29A4,94:04:E3:EF:29:A8,1,-59,WPA2_PSK
2026-03-18 01:12:19,19.5308552,-99.0412979,Mega_2.4G_D834,F4:E8:4F:FF:D8:34,3,-60,WPA2_PSK
2026-03-18 01:12:19,19.5308552,-99.0412979,Home,18:A6:F7:BF:71:72,7,-61,WPA_WPA2_PSK
2026-03-18 01:12:19,19.5308552,-99.0412979,Hogar,A2:31:DB:A0:CC:C4,4,-62,WPA2_PSK
2026-03-18 01:12:19,19.5308552,-99.0412979,Mega_2.4G_8B54,48:96:D9:26:8B:54,11,-63,WPA_WPA2_PSK
2026-03-18 01:12:19,19.5308552,-99.0412979,,A2:31:DB:A0:CC:C7,4,-65,OPEN
2026-03-18 01:12:19,19.5308552,-99.0412979,,A2:31:DB:A0:CC:C6,4,-65,WPA2_PSK
2026-03-18 01:12:19,19.5308552,-99.0412979,Ariadnazashyd_2.4G,BC:47:32:02:FF:88,6,-65,WPA_WPA2_PSK
2026-03-18 01:12:19,19.5308552,-99.0412979,Club_Totalplay_WiFi,BC:47:32:02:FF:89,6,-65,OPEN
2026-03-18 01:12:19,19.5308552,-99.0412979,,3C:A3:7E:7F:5D:22,8,-68,WPA2_PSK
2026-03-18 01:12:19,19.5308552,-99.0412979,Club_Totalplay_WiFi,3C:A3:7E:7F:5D:23,8,-69,OPEN
2026-03-18 01:12:19,19.5308552,-99.0412979,Totalplay-1BAA,3C:A3:7E:7F:5D:20,8,-69,WPA2_PSK
2026-03-18 01:12:19,19.5308552,-99.0412979,TOTALPLAY_E14025,3C:17:10:E1:40:25,11,-69,WPA2_PSK
2026-03-18 01:12:19,19.5308552,-99.0412979,ARRIS-FEF2,90:C7:92:49:FE:F0,1,-70,WPA_WPA2_PSK
2026-03-18 01:12:19,19.5308552,-99.0412979,Totalplay-2.4G-2d18,64:9D:F3:17:2D:18,6,-76,WPA2_PSK
2026-03-18 01:12:19,19.5308552,-99.0412979,,AC:8D:34:BF:4F:0E,5,-77,WPA2_PSK
2026-03-18 01:12:19,19.5308552,-99.0412979,Nettowifi1WLAN,F4:1D:6B:2F:2A:88,2,-78,WPA2_PSK
2026-03-18 01:12:19,19.5308552,-99.0412979,,8A:69:3D:8B:03:92,4,-78,WPA2_PSK
2026-03-18 01:12:19,19.5308552,-99.0412979,INFINITUM90EE_2.4,94:FE:9D:C8:71:99,1,-79,WPA2_PSK
2026-03-18 01:12:19,19.5308552,-99.0412979,,8A:69:3D:8B:03:93,4,-79,OPEN
2026-03-18 01:12:19,19.5308552,-99.0412979,Totalplay-E2A1,AC:8D:34:BF:4F:0C,5,-79,WPA2_PSK
2026-03-18 01:12:19,19.5308552,-99.0412979,Tenda_1826F0,50:0F:F5:18:26:F1,5,-79,WPA_WPA2_PSK
2026-03-18 01:12:19,19.5308552,-99.0412979,Totalplay-36B5,8A:69:3D:8B:03:90,4,-80,WPA2_PSK
2026-03-18 01:12:19,19.5308552,-99.0412979,IZZI-D087,70:54:25:73:7A:49,6,-80,WPA2_PSK
2026-03-18 01:12:19,19.5308552,-99.0412979,,72:54:25:23:7A:49,6,-80,UNKNOWN
2026-03-18 01:12:19,19.5308552,-99.0412979,,1A:9C:27:2F:75:52,11,-80,UNKNOWN
2026-03-18 01:12:19,19.5308552,-99.0412979,,AC:8D:34:BF:4F:0F,5,-81,OPEN
2026-03-18 01:12:19,19.5308552,-99.0412979,Totalplay-14A5,A4:BD:C4:84:54:24,9,-81,WPA2_PSK
2026-03-18 01:12:19,19.5308552,-99.0412979,,A4:BD:C4:84:54:26,9,-81,WPA2_PSK
2026-03-18 01:12:19,19.5308552,-99.0412979,ZTE Blade L9,6A:CC:48:23:CF:47,10,-82,WPA2_WPA3_PSK
2026-03-18 01:12:19,19.5308552,-99.0412979,,1A:9C:27:20:54:D5,6,-83,UNKNOWN
2026-03-18 01:12:19,19.5308552,-99.0412979,Mega-2.4G-0CB1,EC:7C:2C:57:CC:3C,10,-83,WPA2_PSK
2026-03-18 01:12:19,19.5308552,-99.0412979,IZZI-083E,70:4F:B8:F8:E4:1D,11,-84,WPA2_PSK
2026-03-18 01:12:36,19.5308552,-99.0412979,TOTALPLAY_ECBA0B,34:6B:46:EC:BA:0B,11,-47,WPA2_PSK
2026-03-18 01:12:36,19.5308552,-99.0412979,IZZI-29A4,94:04:E3:EF:29:A8,1,-60,WPA2_PSK
2026-03-18 01:12:36,19.5308552,-99.0412979,Home,18:A6:F7:BF:71:72,7,-61,WPA_WPA2_PSK
2026-03-18 01:12:36,19.5308552,-99.0412979,,A2:31:DB:A0:CC:C7,4,-63,OPEN
2026-03-18 01:12:36,19.5308552,-99.0412979,Mega_2.4G_8B54,48:96:D9:26:8B:54,11,-63,WPA_WPA2_PSK
2026-03-18 01:12:36,19.5308552,-99.0412979,,A2:31:DB:A0:CC:C6,4,-65,WPA2_PSK
2026-03-18 01:12:36,19.5308552,-99.0412979,Club_Totalplay_WiFi,BC:47:32:02:FF:89,6,-65,OPEN
2026-03-18 01:12:36,19.5308552,-99.0412979,Hogar,A2:31:DB:A0:CC:C4,4,-66,WPA2_PSK
2026-03-18 01:12:36,19.5308552,-99.0412979,Ariadnazashyd_2.4G,BC:47:32:02:FF:88,6,-66,WPA_WPA2_PSK
2026-03-18 01:12:36,19.5308552,-99.0412979,Club_Totalplay_WiFi,3C:A3:7E:7F:5D:23,8,-67,OPEN
2026-03-18 01:12:36,19.5308552,-99.0412979,,3C:A3:7E:7F:5D:22,8,-68,WPA2_PSK
2026-03-18 01:12:36,19.5308552,-99.0412979,TOTALPLAY_E14025,3C:17:10:E1:40:25,11,-68,WPA2_PSK
2026-03-18 01:12:36,19.5308552,-99.0412979,Totalplay-1BAA,3C:A3:7E:7F:5D:20,8,-71,WPA2_PSK
2026-03-18 01:12:36,19.5308552,-99.0412979,Totalplay-14A5,A4:BD:C4:84:54:24,9,-72,WPA2_PSK
2026-03-18 01:12:36,19.5308552,-99.0412979,Totalplay-2.4G-2d18,64:9D:F3:17:2D:18,6,-75,WPA2_PSK
2026-03-18 01:12:36,19.5308552,-99.0412979,ARRIS-FEF2,90:C7:92:49:FE:F0,1,-76,WPA_WPA2_PSK
2026-03-18 01:12:36,19.5308552,-99.0412979,Club_Totalplay_WiFi,EC:E7:A2:67:E1:49,1,-76,OPEN
2026-03-18 01:12:36,19.5308552,-99.0412979,Nettowifi1WLAN,F4:1D:6B:2F:2A:88,2,-76,WPA2_PSK
2026-03-18 01:12:36,19.5308552,-99.0412979,,8A:69:3D:8B:03:92,4,-77,WPA2_PSK
2026-03-18 01:12:36,19.5308552,-99.0412979,INFINITUM90EE_2.4,94:FE:9D:C8:71:99,1,-78,WPA2_PSK
2026-03-18 01:12:36,19.5308552,-99.0412979,Totalplay-36B5,8A:69:3D:8B:03:90,4,-78,WPA2_PSK
2026-03-18 01:12:36,19.5308552,-99.0412979,,1A:9C:27:2F:75:52,11,-78,UNKNOWN
2026-03-18 01:12:36,19.5308552,-99.0412979,,8A:69:3D:8B:03:93,4,-79,OPEN
2026-03-18 01:12:36,19.5308552,-99.0412979,Tenda_1826F0,50:0F:F5:18:26:F1,5,-79,WPA_WPA2_PSK
2026-03-18 01:12:36,19.5308552,-99.0412979,IZZI-6D3E,18:9C:27:3F:75:52,11,-79,WPA2_PSK
2026-03-18 01:12:36,19.5308552,-99.0412979,,AC:8D:34:BF:4F:0F,5,-80,OPEN
2026-03-18 01:12:36,19.5308552,-99.0412979,IZZI-D087,70:54:25:73:7A:49,6,-80,WPA2_PSK
2026-03-18 01:12:36,19.5308552,-99.0412979,,A4:BD:C4:84:54:26,9,-80,WPA2_PSK
2026-03-18 01:12:36,19.5308552,-99.0412979,Mega-2.4G-CDB1,78:DD:33:61:B6:CC,2,-81,WPA2_PSK
2026-03-18 01:12:36,19.5308552,-99.0412979,Totalplay-E2A1,AC:8D:34:BF:4F:0C,5,-81,WPA2_PSK
2026-03-18 01:12:36,19.5308552,-99.0412979,,72:54:25:23:7A:49,6,-81,UNKNOWN
2026-03-18 01:12:36,19.5308552,-99.0412979,,1A:9C:27:20:54:D5,6,-82,UNKNOWN
2026-03-18 01:12:36,19.5308552,-99.0412979,Mega-2.4G-A7B2,B0:C7:87:72:D2:C4,7,-82,WPA2_PSK
2026-03-18 01:12:36,19.5308552,-99.0412979,Mega-2.4G-6AB2,E8:F9:D4:DF:F0:C4,9,-82,WPA2_PSK
2026-03-18 01:12:36,19.5308552,-99.0412979,,AC:8D:34:BF:4F:0E,5,-83,WPA2_PSK
2026-03-18 01:12:36,19.5308552,-99.0412979,,72:4F:B8:A8:E4:1D,11,-83,UNKNOWN
2026-03-18 01:12:36,19.5308552,-99.0412979,IZZI-29F4,40:0F:C1:5D:29:F8,11,-84,WPA2_PSK
2026-03-18 01:12:52,19.5308552,-99.0412979,TOTALPLAY_ECBA0B,34:6B:46:EC:BA:0B,11,-47,WPA2_PSK
2026-03-18 01:12:52,19.5308552,-99.0412979,IZZI-29A4,94:04:E3:EF:29:A8,1,-58,WPA2_PSK
2026-03-18 01:12:52,19.5308552,-99.0412979,Mega_2.4G_D834,F4:E8:4F:FF:D8:34,3,-60,WPA2_PSK
2026-03-18 01:12:52,19.5308552,-99.0412979,Home,18:A6:F7:BF:71:72,7,-60,WPA_WPA2_PSK
2026-03-18 01:12:52,19.5308552,-99.0412979,Mega_2.4G_8B54,48:96:D9:26:8B:54,11,-62,WPA_WPA2_PSK
2026-03-18 01:12:52,19.5308552,-99.0412979,,A2:31:DB:A0:CC:C7,4,-63,OPEN
2026-03-18 01:12:52,19.5308552,-99.0412979,Hogar,A2:31:DB:A0:CC:C4,4,-63,WPA2_PSK
2026-03-18 01:12:52,19.5308552,-99.0412979,,A2:31:DB:A0:CC:C6,4,-63,WPA2_PSK
2026-03-18 01:12:52,19.5308552,-99.0412979,Club_Totalplay_WiFi,BC:47:32:02:FF:89,6,-64,OPEN
2026-03-18 01:12:52,19.5308552,-99.0412979,Ariadnazashyd_2.4G,BC:47:32:02:FF:88,6,-65,WPA_WPA2_PSK
2026-03-18 01:12:52,19.5308552,-99.0412979,Totalplay-1BAA,3C:A3:7E:7F:5D:20,8,-68,WPA2_PSK
2026-03-18 01:12:52,19.5308552,-99.0412979,Club_Totalplay_WiFi,3C:A3:7E:7F:5D:23,8,-68,OPEN
2026-03-18 01:12:52,19.5308552,-99.0412979,,3C:A3:7E:7F:5D:22,8,-68,WPA2_PSK
2026-03-18 01:12:52,19.5308552,-99.0412979,TOTALPLAY_E14025,3C:17:10:E1:40:25,11,-68,WPA2_PSK
2026-03-18 01:12:52,19.5308552,-99.0412979,ARRIS-FEF2,90:C7:92:49:FE:F0,1,-70,WPA_WPA2_PSK
2026-03-18 01:12:52,19.5308552,-99.0412979,,A4:BD:C4:84:54:26,9,-71,WPA2_PSK
2026-03-18 01:12:52,19.5308552,-99.0412979,Totalplay-2.4G-2d18,64:9D:F3:17:2D:18,6,-74,WPA2_PSK
2026-03-18 01:12:52,19.5308552,-99.0412979,TOTALPLAY_858582_2.4G,B0:5B:99:85:85:85,1,-75,WPA2_PSK
2026-03-18 01:12:52,19.5308552,-99.0412979,INFINITUM90EE_2.4,94:FE:9D:C8:71:99,1,-77,WPA2_PSK
2026-03-18 01:12:52,19.5308552,-99.0412979,Nettowifi1WLAN,F4:1D:6B:2F:2A:88,2,-77,WPA2_PSK
2026-03-18 01:12:52,19.5308552,-99.0412979,Tenda_1826F0,50:0F:F5:18:26:F1,5,-77,WPA_WPA2_PSK
2026-03-18 01:12:52,19.5308552,-99.0412979,,AC:8D:34:BF:4F:0F,5,-77,OPEN
2026-03-18 01:12:52,19.5308552,-99.0412979,Totalplay-E2A1,AC:8D:34:BF:4F:0C,5,-78,WPA2_PSK
2026-03-18 01:12:52,19.5308552,-99.0412979,IZZI-D087,70:54:25:73:7A:49,6,-78,WPA2_PSK
2026-03-18 01:12:52,19.5308552,-99.0412979,,AC:8D:34:BF:4F:0E,5,-79,WPA2_PSK
2026-03-18 01:12:52,19.5308552,-99.0412979,IZZI-6D3E,18:9C:27:3F:75:52,11,-79,WPA2_PSK
2026-03-18 01:12:52,19.5308552,-99.0412979,,72:54:25:23:7A:49,6,-80,UNKNOWN
2026-03-18 01:12:52,19.5308552,-99.0412979,Mega-2.4G-CDB1,78:DD:33:61:B6:CC,2,-81,WPA2_PSK
2026-03-18 01:12:52,19.5308552,-99.0412979,Totalplay-36B5,8A:69:3D:8B:03:90,11,-83,WPA2_PSK
2026-03-18 01:12:52,19.5308552,-99.0412979,,8A:69:3D:8B:03:92,11,-83,WPA2_PSK
2026-03-18 01:12:52,19.5308552,-99.0412979,ZTE Blade L9,6A:CC:48:23:CF:47,10,-84,WPA2_WPA3_PSK
2026-03-18 01:13:08,19.5308552,-99.0412979,TOTALPLAY_ECBA0B,34:6B:46:EC:BA:0B,11,-47,WPA2_PSK
2026-03-18 01:13:08,19.5308552,-99.0412979,IZZI-29A4,94:04:E3:EF:29:A8,1,-58,WPA2_PSK
2026-03-18 01:13:08,19.5308552,-99.0412979,Mega_2.4G_D834,F4:E8:4F:FF:D8:34,3,-61,WPA2_PSK
2026-03-18 01:13:08,19.5308552,-99.0412979,Hogar,A2:31:DB:A0:CC:C4,4,-62,WPA2_PSK
2026-03-18 01:13:08,19.5308552,-99.0412979,Home,18:A6:F7:BF:71:72,7,-62,WPA_WPA2_PSK
2026-03-18 01:13:08,19.5308552,-99.0412979,,A2:31:DB:A0:CC:C6,4,-63,WPA2_PSK
2026-03-18 01:13:08,19.5308552,-99.0412979,Mega_2.4G_8B54,48:96:D9:26:8B:54,11,-63,WPA_WPA2_PSK
2026-03-18 01:13:08,19.5308552,-99.0412979,Club_Totalplay_WiFi,BC:47:32:02:FF:89,6,-64,OPEN
2026-03-18 01:13:08,19.5308552,-99.0412979,,A2:31:DB:A0:CC:C7,4,-65,OPEN
2026-03-18 01:13:08,19.5308552,-99.0412979,Ariadnazashyd_2.4G,BC:47:32:02:FF:88,6,-66,WPA_WPA2_PSK
2026-03-18 01:13:08,19.5308552,-99.0412979,ARRIS-FEF2,90:C7:92:49:FE:F0,1,-67,WPA_WPA2_PSK
2026-03-18 01:13:08,19.5308552,-99.0412979,Totalplay-1BAA,3C:A3:7E:7F:5D:20,8,-68,WPA2_PSK
2026-03-18 01:13:08,19.5308552,-99.0412979,TOTALPLAY_E14025,3C:17:10:E1:40:25,11,-69,WPA2_PSK
2026-03-18 01:13:08,19.5308552,-99.0412979,,A4:BD:C4:84:54:26,9,-70,WPA2_PSK
2026-03-18 01:13:08,19.5308552,-99.0412979,Club_Totalplay_WiFi,3C:A3:7E:7F:5D:23,8,-71,OPEN
2026-03-18 01:13:08,19.5308552,-99.0412979,,3C:A3:7E:7F:5D:22,8,-71,WPA2_PSK
2026-03-18 01:13:08,19.5308552,-99.0412979,Mega-2.4G-CDB1,78:DD:33:61:B6:CC,2,-73,WPA2_PSK
2026-03-18 01:13:08,19.5308552,-99.0412979,Totalplay-2.4G-2d18,64:9D:F3:17:2D:18,6,-73,WPA2_PSK
2026-03-18 01:13:08,19.5308552,-99.0412979,Totalplay-14A5,A4:BD:C4:84:54:24,9,-73,WPA2_PSK
2026-03-18 01:13:08,19.5308552,-99.0412979,INFINITUM90EE_2.4,94:FE:9D:C8:71:99,1,-75,WPA2_PSK
2026-03-18 01:13:08,19.5308552,-99.0412979,,3A:C8:04:D0:B3:19,1,-75,WPA2_PSK
2026-03-18 01:13:08,19.5308552,-99.0412979,IZZI-D087,70:54:25:73:7A:49,6,-75,WPA2_PSK
2026-03-18 01:13:08,19.5308552,-99.0412979,,AC:8D:34:BF:4F:0F,5,-77,OPEN
2026-03-18 01:13:08,19.5308552,-99.0412979,Nettowifi1WLAN,F4:1D:6B:2F:2A:88,2,-78,WPA2_PSK
2026-03-18 01:13:08,19.5308552,-99.0412979,IZZI-FE1B,18:9C:27:40:54:D5,6,-78,WPA2_PSK
2026-03-18 01:13:08,19.5308552,-99.0412979,Tenda_1826F0,50:0F:F5:18:26:F1,5,-79,WPA_WPA2_PSK
2026-03-18 01:13:08,19.5308552,-99.0412979,,1A:9C:27:2F:75:52,11,-79,UNKNOWN
2026-03-18 01:13:08,19.5308552,-99.0412979,,AC:8D:34:BF:4F:0E,5,-81,WPA2_PSK
2026-03-18 01:13:08,19.5308552,-99.0412979,IZZI-29F4,40:0F:C1:5D:29:F8,11,-83,WPA2_PSK
2026-03-18 01:13:08,19.5308552,-99.0412979,Totalplay-36B5,8A:69:3D:8B:03:90,11,-84,WPA2_PSK
2026-03-18 01:13:25,19.5308552,-99.0412979,TOTALPLAY_ECBA0B,34:6B:46:EC:BA:0B,11,-47,WPA2_PSK
2026-03-18 01:13:25,19.5308552,-99.0412979,IZZI-29A4,94:04:E3:EF:29:A8,1,-58,WPA2_PSK
2026-03-18 01:13:25,19.5308552,-99.0412979,Hogar,A2:31:DB:A0:CC:C4,4,-63,WPA2_PSK
2026-03-18 01:13:25,19.5308552,-99.0412979,,A2:31:DB:A0:CC:C6,4,-63,WPA2_PSK
2026-03-18 01:13:25,19.5308552,-99.0412979,,A2:31:DB:A0:CC:C7,4,-63,OPEN
2026-03-18 01:13:25,19.5308552,-99.0412979,Home,18:A6:F7:BF:71:72,7,-63,WPA_WPA2_PSK
2026-03-18 01:13:25,19.5308552,-99.0412979,Mega_2.4G_8B54,48:96:D9:26:8B:54,11,-63,WPA_WPA2_PSK
2026-03-18 01:13:25,19.5308552,-99.0412979,Ariadnazashyd_2.4G,BC:47:32:02:FF:88,6,-66,WPA_WPA2_PSK
2026-03-18 01:13:25,19.5308552,-99.0412979,Club_Totalplay_WiFi,BC:47:32:02:FF:89,6,-66,OPEN
2026-03-18 01:13:25,19.5308552,-99.0412979,TOTALPLAY_E14025,3C:17:10:E1:40:25,11,-67,WPA2_PSK
2026-03-18 01:13:25,19.5308552,-99.0412979,Totalplay-1BAA,3C:A3:7E:7F:5D:20,8,-68,WPA2_PSK
2026-03-18 01:13:25,19.5308552,-99.0412979,Club_Totalplay_WiFi,3C:A3:7E:7F:5D:23,8,-68,OPEN
2026-03-18 01:13:25,19.5308552,-99.0412979,ARRIS-FEF2,90:C7:92:49:FE:F0,1,-69,WPA_WPA2_PSK
2026-03-18 01:13:25,19.5308552,-99.0412979,,3C:A3:7E:7F:5D:22,8,-71,WPA2_PSK
2026-03-18 01:13:25,19.5308552,-99.0412979,Totalplay-2.4G-2d18,64:9D:F3:17:2D:18,6,-75,WPA2_PSK
2026-03-18 01:13:25,19.5308552,-99.0412979,INFINITUM90EE_2.4,94:FE:9D:C8:71:99,1,-78,WPA2_PSK
2026-03-18 01:13:25,19.5308552,-99.0412979,Totalplay-E2A1,AC:8D:34:BF:4F:0C,5,-78,WPA2_PSK
2026-03-18 01:13:25,19.5308552,-99.0412979,Mega-2.4G-CDB1,78:DD:33:61:B6:CC,2,-79,WPA2_PSK
2026-03-18 01:13:25,19.5308552,-99.0412979,Tenda_1826F0,50:0F:F5:18:26:F1,5,-79,WPA_WPA2_PSK
2026-03-18 01:13:25,19.5308552,-99.0412979,,72:54:25:23:7A:49,6,-79,UNKNOWN
2026-03-18 01:13:25,19.5308552,-99.0412979,Club_Totalplay_WiFi,EC:E7:A2:67:E1:49,1,-80,OPEN
2026-03-18 01:13:25,19.5308552,-99.0412979,IZZI-D087,70:54:25:73:7A:49,6,-80,WPA2_PSK
2026-03-18 01:13:25,19.5308552,-99.0412979,,1A:9C:27:2F:75:52,11,-80,UNKNOWN
2026-03-18 01:13:25,19.5308552,-99.0412979,Totalplay-36B5,8A:69:3D:8B:03:90,11,-81,WPA2_PSK
2026-03-18 01:13:25,19.5308552,-99.0412979,Mega-2.4G-6AB2,E8:F9:D4:DF:F0:C4,9,-82,WPA2_PSK
2026-03-18 01:13:25,19.5308552,-99.0412979,,1A:9C:27:20:54:D5,6,-83,UNKNOWN
2026-03-18 01:13:41,19.5308552,-99.0412979,TOTALPLAY_ECBA0B,34:6B:46:EC:BA:0B,11,-48,WPA2_PSK
2026-03-18 01:13:41,19.5308552,-99.0412979,IZZI-29A4,94:04:E3:EF:29:A8,1,-58,WPA2_PSK
2026-03-18 01:13:41,19.5308552,-99.0412979,,A2:31:DB:A0:CC:C7,4,-61,OPEN
2026-03-18 01:13:41,19.5308552,-99.0412979,Home,18:A6:F7:BF:71:72,7,-62,WPA_WPA2_PSK
2026-03-18 01:13:41,19.5308552,-99.0412979,Mega_2.4G_D834,F4:E8:4F:FF:D8:34,3,-63,WPA2_PSK
2026-03-18 01:13:41,19.5308552,-99.0412979,,A2:31:DB:A0:CC:C6,4,-63,WPA2_PSK
2026-03-18 01:13:41,19.5308552,-99.0412979,Mega_2.4G_8B54,48:96:D9:26:8B:54,11,-63,WPA_WPA2_PSK
2026-03-18 01:13:41,19.5308552,-99.0412979,Hogar,A2:31:DB:A0:CC:C4,4,-64,WPA2_PSK
2026-03-18 01:13:41,19.5308552,-99.0412979,Club_Totalplay_WiFi,3C:A3:7E:7F:5D:23,8,-64,OPEN
2026-03-18 01:13:41,19.5308552,-99.0412979,Club_Totalplay_WiFi,BC:47:32:02:FF:89,6,-65,OPEN
2026-03-18 01:13:41,19.5308552,-99.0412979,Ariadnazashyd_2.4G,BC:47:32:02:FF:88,6,-66,WPA_WPA2_PSK
2026-03-18 01:13:41,19.5308552,-99.0412979,Totalplay-1BAA,3C:A3:7E:7F:5D:20,8,-67,WPA2_PSK
2026-03-18 01:13:41,19.5308552,-99.0412979,ARRIS-FEF2,90:C7:92:49:FE:F0,1,-68,WPA_WPA2_PSK
2026-03-18 01:13:41,19.5308552,-99.0412979,TOTALPLAY_E14025,3C:17:10:E1:40:25,11,-69,WPA2_PSK
2026-03-18 01:13:41,19.5308552,-99.0412979,,3C:A3:7E:7F:5D:22,8,-71,WPA2_PSK
2026-03-18 01:13:41,19.5308552,-99.0412979,Nettowifi1WLAN,F4:1D:6B:2F:2A:88,2,-72,WPA2_PSK
2026-03-18 01:13:41,19.5308552,-99.0412979,Totalplay-14A5,A4:BD:C4:84:54:24,9,-72,WPA2_PSK
2026-03-18 01:13:41,19.5308552,-99.0412979,,3A:C8:04:D0:B3:19,1,-74,WPA2_PSK
2026-03-18 01:13:41,19.5308552,-99.0412979,TOTALPLAY_858582_2.4G,B0:5B:99:85:85:85,1,-75,WPA2_PSK
2026-03-18 01:13:41,19.5308552,-99.0412979,Mega-2.4G-CDB1,78:DD:33:61:B6:CC,2,-76,WPA2_PSK
2026-03-18 01:13:41,19.5308552,-99.0412979,,1A:9C:27:2F:75:52,11,-76,UNKNOWN
2026-03-18 01:13:41,19.5308552,-99.0412979,INFINITUM90EE_2.4,94:FE:9D:C8:71:99,1,-79,WPA2_PSK
2026-03-18 01:13:41,19.5308552,-99.0412979,IZZI-6D3E,18:9C:27:3F:75:52,11,-79,WPA2_PSK
2026-03-18 01:13:41,19.5308552,-99.0412979,,AC:8D:34:BF:4F:0F,5,-80,OPEN
2026-03-18 01:13:41,19.5308552,-99.0412979,,A4:BD:C4:84:54:26,9,-80,WPA2_PSK
2026-03-18 01:13:41,19.5308552,-99.0412979,Mega-2.4G-0CB1,EC:7C:2C:57:CC:3C,10,-82,WPA2_PSK
2026-03-18 01:13:41,19.5308552,-99.0412979,,72:54:25:23:7A:49,6,-83,UNKNOWN
2026-03-18 01:13:41,19.5308552,-99.0412979,Totalplay-36B5,8A:69:3D:8B:03:90,11,-83,WPA2_PSK
2026-03-18 01:13:41,19.5308552,-99.0412979,,1A:9C:27:20:54:D5,6,-84,UNKNOWN
2026-03-18 01:13:41,19.5308552,-99.0412979,Mega-2.4G-A7B2,B0:C7:87:72:D2:C4,7,-85,WPA2_PSK
2026-03-18 01:13:41,19.5308552,-99.0412979,Dani's,B8:3A:08:EF:C3:16,11,-89,WPA2_PSK
2026-03-18 01:13:58,19.5308552,-99.0412979,TOTALPLAY_ECBA0B,34:6B:46:EC:BA:0B,11,-49,WPA2_PSK
2026-03-18 01:13:58,19.5308552,-99.0412979,IZZI-29A4,94:04:E3:EF:29:A8,1,-59,WPA2_PSK
2026-03-18 01:13:58,19.5308552,-99.0412979,Club_Totalplay_WiFi,BC:47:32:02:FF:89,6,-62,OPEN
2026-03-18 01:13:58,19.5308552,-99.0412979,Home,18:A6:F7:BF:71:72,7,-62,WPA_WPA2_PSK
2026-03-18 01:13:58,19.5308552,-99.0412979,,A2:31:DB:A0:CC:C6,4,-63,WPA2_PSK
2026-03-18 01:13:58,19.5308552,-99.0412979,Hogar,A2:31:DB:A0:CC:C4,4,-63,WPA2_PSK
2026-03-18 01:13:58,19.5308552,-99.0412979,,A2:31:DB:A0:CC:C7,4,-63,OPEN
2026-03-18 01:13:58,19.5308552,-99.0412979,,3C:A3:7E:7F:5D:22,8,-66,WPA2_PSK
2026-03-18 01:13:58,19.5308552,-99.0412979,Mega_2.4G_8B54,48:96:D9:26:8B:54,11,-66,WPA_WPA2_PSK
2026-03-18 01:13:58,19.5308552,-99.0412979,Ariadnazashyd_2.4G,BC:47:32:02:FF:88,6,-67,WPA_WPA2_PSK
2026-03-18 01:13:58,19.5308552,-99.0412979,Club_Totalplay_WiFi,3C:A3:7E:7F:5D:23,8,-67,OPEN
2026-03-18 01:13:58,19.5308552,-99.0412979,ARRIS-FEF2,90:C7:92:49:FE:F0,1,-70,WPA_WPA2_PSK
2026-03-18 01:13:58,19.5308552,-99.0412979,TOTALPLAY_E14025,3C:17:10:E1:40:25,11,-70,WPA2_PSK
2026-03-18 01:13:58,19.5308552,-99.0412979,Nettowifi1WLAN,F4:1D:6B:2F:2A:88,2,-73,WPA2_PSK
2026-03-18 01:13:58,19.5308552,-99.0412979,IZZI-D087,70:54:25:73:7A:49,6,-75,WPA2_PSK
2026-03-18 01:13:58,19.5308552,-99.0412979,Totalplay-2.4G-2d18,64:9D:F3:17:2D:18,6,-75,WPA2_PSK
2026-03-18 01:13:58,19.5308552,-99.0412979,Totalplay-1BAA,3C:A3:7E:7F:5D:20,8,-75,WPA2_PSK
2026-03-18 01:13:58,19.5308552,-99.0412979,,A4:BD:C4:84:54:26,9,-75,WPA2_PSK
2026-03-18 01:13:58,19.5308552,-99.0412979,Totalplay-2.4G-e148,EC:E7:A2:67:E1:48,1,-78,WPA2_PSK
2026-03-18 01:13:58,19.5308552,-99.0412979,INFINITUM90EE_2.4,94:FE:9D:C8:71:99,1,-79,WPA2_PSK
2026-03-18 01:13:58,19.5308552,-99.0412979,Tenda_1826F0,50:0F:F5:18:26:F1,5,-79,WPA_WPA2_PSK
2026-03-18 01:13:58,19.5308552,-99.0412979,Totalplay-14A5,A4:BD:C4:84:54:24,9,-79,WPA2_PSK
2026-03-18 01:13:58,19.5308552,-99.0412979,,AC:8D:34:BF:4F:0F,5,-81,OPEN
2026-03-18 01:13:58,19.5308552,-99.0412979,Mega-2.4G-A7B2,B0:C7:87:72:D2:C4,7,-82,WPA2_PSK
2026-03-18 01:13:58,19.5308552,-99.0412979,Mega-2.4G-CDB1,78:DD:33:61:B6:CC,2,-83,WPA2_PSK
2026-03-18 01:13:58,19.5308552,-99.0412979,Totalplay-36B5,8A:69:3D:8B:03:90,11,-83,WPA2_PSK
2026-03-18 01:13:58,19.5308552,-99.0412979,Club_Totalplay_WiFi,B2:A4:F0:05:30:37,4,-85,OPEN
2026-03-18 01:14:14,19.5308552,-99.0412979,TOTALPLAY_ECBA0B,34:6B:46:EC:BA:0B,11,-46,WPA2_PSK
2026-03-18 01:14:14,19.5308552,-99.0412979,IZZI-29A4,94:04:E3:EF:29:A8,1,-58,WPA2_PSK
2026-03-18 01:14:14,19.5308552,-99.0412979,Mega_2.4G_D834,F4:E8:4F:FF:D8:34,3,-60,WPA2_PSK
2026-03-18 01:14:14,19.5308552,-99.0412979,Club_Totalplay_WiFi,BC:47:32:02:FF:89,6,-61,OPEN
2026-03-18 01:14:14,19.5308552,-99.0412979,Home,18:A6:F7:BF:71:72,7,-62,WPA_WPA2_PSK
2026-03-18 01:14:14,19.5308552,-99.0412979,,3C:A3:7E:7F:5D:22,8,-62,WPA2_PSK
2026-03-18 01:14:14,19.5308552,-99.0412979,Hogar,A2:31:DB:A0:CC:C4,4,-63,WPA2_PSK
2026-03-18 01:14:14,19.5308552,-99.0412979,,A2:31:DB:A0:CC:C6,4,-63,WPA2_PSK
2026-03-18 01:14:14,19.5308552,-99.0412979,,A2:31:DB:A0:CC:C7,4,-63,OPEN
2026-03-18 01:14:14,19.5308552,-99.0412979,Ariadnazashyd_2.4G,BC:47:32:02:FF:88,6,-63,WPA_WPA2_PSK
2026-03-18 01:14:14,19.5308552,-99.0412979,Totalplay-1BAA,3C:A3:7E:7F:5D:20,8,-64,WPA2_PSK
2026-03-18 01:14:14,19.5308552,-99.0412979,Club_Totalplay_WiFi,3C:A3:7E:7F:5D:23,8,-64,OPEN
2026-03-18 01:14:14,19.5308552,-99.0412979,ARRIS-FEF2,90:C7:92:49:FE:F0,1,-68,WPA_WPA2_PSK
2026-03-18 01:14:14,19.5308552,-99.0412979,Mega_2.4G_8B54,48:96:D9:26:8B:54,11,-68,WPA_WPA2_PSK
2026-03-18 01:14:14,19.5308552,-99.0412979,TOTALPLAY_E14025,3C:17:10:E1:40:25,11,-69,WPA2_PSK
2026-03-18 01:14:14,19.5308552,-99.0412979,,3A:C8:04:D0:B3:19,1,-75,WPA2_PSK
2026-03-18 01:14:14,19.5308552,-99.0412979,,AC:8D:34:BF:4F:0F,5,-76,OPEN
2026-03-18 01:14:14,19.5308552,-99.0412979,Totalplay-2.4G-2d18,64:9D:F3:17:2D:18,6,-76,WPA2_PSK
2026-03-18 01:14:14,19.5308552,-99.0412979,,1A:9C:27:2F:75:52,11,-77,UNKNOWN
2026-03-18 01:14:14,19.5308552,-99.0412979,Club_Totalplay_WiFi,EC:E7:A2:67:E1:49,1,-78,OPEN
2026-03-18 01:14:14,19.5308552,-99.0412979,Tenda_1826F0,50:0F:F5:18:26:F1,5,-78,WPA_WPA2_PSK
2026-03-18 01:14:14,19.5308552,-99.0412979,INFINITUM90EE_2.4,94:FE:9D:C8:71:99,1,-79,WPA2_PSK
2026-03-18 01:14:14,19.5308552,-99.0412979,Nettowifi1WLAN,F4:1D:6B:2F:2A:88,2,-81,WPA2_PSK
2026-03-18 01:14:14,19.5308552,-99.0412979,IZZI-D087,70:54:25:73:7A:49,6,-81,WPA2_PSK
2026-03-18 01:14:14,19.5308552,-99.0412979,Totalplay-E2A1,AC:8D:34:BF:4F:0C,5,-82,WPA2_PSK
2026-03-18 01:14:14,19.5308552,-99.0412979,TOTALPLAY_858582_2.4G,B0:5B:99:85:85:85,1,-83,WPA2_PSK
2026-03-18 01:14:14,19.5308552,-99.0412979,Mega-2.4G-A7B2,B0:C7:87:72:D2:C4,7,-83,WPA2_PSK
2026-03-18 01:14:14,19.5308552,-99.0412979,Totalplay-14A5,A4:BD:C4:84:54:24,9,-83,WPA2_PSK
2026-03-18 01:14:30,19.5308552,-99.0412979,TOTALPLAY_ECBA0B,34:6B:46:EC:BA:0B,11,-47,WPA2_PSK
2026-03-18 01:14:30,19.5308552,-99.0412979,IZZI-29A4,94:04:E3:EF:29:A8,1,-58,WPA2_PSK
2026-03-18 01:14:30,19.5308552,-99.0412979,Mega_2.4G_D834,F4:E8:4F:FF:D8:34,3,-62,WPA2_PSK
2026-03-18 01:14:30,19.5308552,-99.0412979,Home,18:A6:F7:BF:71:72,7,-62,WPA_WPA2_PSK
2026-03-18 01:14:30,19.5308552,-99.0412979,Totalplay-1BAA,3C:A3:7E:7F:5D:20,8,-62,WPA2_PSK
2026-03-18 01:14:30,19.5308552,-99.0412979,,A2:31:DB:A0:CC:C6,4,-63,WPA2_PSK
2026-03-18 01:14:30,19.5308552,-99.0412979,Mega_2.4G_8B54,48:96:D9:26:8B:54,11,-63,WPA_WPA2_PSK
2026-03-18 01:14:30,19.5308552,-99.0412979,,A2:31:DB:A0:CC:C7,4,-64,OPEN
2026-03-18 01:14:30,19.5308552,-99.0412979,Hogar,A2:31:DB:A0:CC:C4,4,-64,WPA2_PSK
2026-03-18 01:14:30,19.5308552,-99.0412979,Ariadnazashyd_2.4G,BC:47:32:02:FF:88,6,-65,WPA_WPA2_PSK
2026-03-18 01:14:30,19.5308552,-99.0412979,Club_Totalplay_WiFi,BC:47:32:02:FF:89,6,-65,OPEN
2026-03-18 01:14:30,19.5308552,-99.0412979,TOTALPLAY_E14025,3C:17:10:E1:40:25,11,-68,WPA2_PSK
2026-03-18 01:14:30,19.5308552,-99.0412979,ARRIS-FEF2,90:C7:92:49:FE:F0,1,-69,WPA_WPA2_PSK
2026-03-18 01:14:30,19.5308552,-99.0412979,,A4:BD:C4:84:54:26,9,-71,WPA2_PSK
2026-03-18 01:14:30,19.5308552,-99.0412979,,3C:A3:7E:7F:5D:22,8,-72,WPA2_PSK
2026-03-18 01:14:30,19.5308552,-99.0412979,Nettowifi1WLAN,F4:1D:6B:2F:2A:88,2,-73,WPA2_PSK
2026-03-18 01:14:30,19.5308552,-99.0412979,Club_Totalplay_WiFi,3C:A3:7E:7F:5D:23,8,-73,OPEN
2026-03-18 01:14:30,19.5308552,-99.0412979,INFINITUM90EE_2.4,94:FE:9D:C8:71:99,1,-77,WPA2_PSK
2026-03-18 01:14:30,19.5308552,-99.0412979,Club_Totalplay_WiFi,D4:01:68:A8:5D:69,1,-78,OPEN
2026-03-18 01:14:30,19.5308552,-99.0412979,Totalplay-2.4G-e148,EC:E7:A2:67:E1:48,1,-78,WPA2_PSK
2026-03-18 01:14:30,19.5308552,-99.0412979,Club_Totalplay_WiFi,EC:E7:A2:67:E1:49,1,-78,OPEN
2026-03-18 01:14:30,19.5308552,-99.0412979,Tenda_1826F0,50:0F:F5:18:26:F1,5,-78,WPA_WPA2_PSK
2026-03-18 01:14:30,19.5308552,-99.0412979,,AC:8D:34:BF:4F:0F,5,-78,OPEN
2026-03-18 01:14:30,19.5308552,-99.0412979,,E0:61:4A:F3:12:44,1,-79,OPEN
2026-03-18 01:14:30,19.5308552,-99.0412979,INTERSHIP 2.4,D4:01:68:A8:5D:68,1,-79,WPA2_PSK
2026-03-18 01:14:30,19.5308552,-99.0412979,,1A:9C:27:2F:75:52,11,-80,UNKNOWN
2026-03-18 01:14:30,19.5308552,-99.0412979,IZZI-D087,70:54:25:73:7A:49,6,-81,WPA2_PSK
2026-03-18 01:14:30,19.5308552,-99.0412979,,72:54:25:23:7A:49,6,-81,UNKNOWN
2026-03-18 01:14:30,19.5308552,-99.0412979,,1A:9C:27:20:54:D5,6,-83,UNKNOWN
2026-03-18 01:14:30,19.5308552,-99.0412979,,B8:3A:08:EF:C3:14,11,-89,WPA2_PSK
2026-03-18 01:14:47,19.5308552,-99.0412979,TOTALPLAY_ECBA0B,34:6B:46:EC:BA:0B,11,-48,WPA2_PSK
2026-03-18 01:14:47,19.5308552,-99.0412979,IZZI-29A4,94:04:E3:EF:29:A8,1,-60,WPA2_PSK
2026-03-18 01:14:47,19.5308552,-99.0412979,Mega_2.4G_D834,F4:E8:4F:FF:D8:34,3,-62,WPA2_PSK
2026-03-18 01:14:47,19.5308552,-99.0412979,Home,18:A6:F7:BF:71:72,7,-62,WPA_WPA2_PSK
2026-03-18 01:14:47,19.5308552,-99.0412979,Hogar,A2:31:DB:A0:CC:C4,4,-63,WPA2_PSK
2026-03-18 01:14:47,19.5308552,-99.0412979,,A2:31:DB:A0:CC:C7,4,-63,OPEN
2026-03-18 01:14:47,19.5308552,-99.0412979,,A2:31:DB:A0:CC:C6,4,-64,WPA2_PSK
2026-03-18 01:14:47,19.5308552,-99.0412979,Ariadnazashyd_2.4G,BC:47:32:02:FF:88,6,-66,WPA_WPA2_PSK
2026-03-18 01:14:47,19.5308552,-99.0412979,Totalplay-14A5,A4:BD:C4:84:54:24,9,-66,WPA2_PSK
2026-03-18 01:14:47,19.5308552,-99.0412979,TOTALPLAY_E14025,3C:17:10:E1:40:25,11,-66,WPA2_PSK
2026-03-18 01:14:47,19.5308552,-99.0412979,Club_Totalplay_WiFi,BC:47:32:02:FF:89,6,-67,OPEN
2026-03-18 01:14:47,19.5308552,-99.0412979,Totalplay-2.4G-2d18,64:9D:F3:17:2D:18,6,-71,WPA2_PSK
2026-03-18 01:14:47,19.5308552,-99.0412979,Totalplay-1BAA,3C:A3:7E:7F:5D:20,8,-72,WPA2_PSK
2026-03-18 01:14:47,19.5308552,-99.0412979,ARRIS-FEF2,90:C7:92:49:FE:F0,1,-74,WPA_WPA2_PSK
2026-03-18 01:14:47,19.5308552,-99.0412979,,AC:8D:34:BF:4F:0E,5,-75,WPA2_PSK
2026-03-18 01:14:47,19.5308552,-99.0412979,Club_Totalplay_WiFi,EC:E7:A2:67:E1:49,1,-78,OPEN
2026-03-18 01:14:47,19.5308552,-99.0412979,INFINITUM90EE_2.4,94:FE:9D:C8:71:99,1,-78,WPA2_PSK
2026-03-18 01:14:47,19.5308552,-99.0412979,Nettowifi1WLAN,F4:1D:6B:2F:2A:88,2,-78,WPA2_PSK
2026-03-18 01:14:47,19.5308552,-99.0412979,,1A:9C:27:2F:75:52,11,-78,UNKNOWN
2026-03-18 01:15:03,19.5308552,-99.0412979,TOTALPLAY_ECBA0B,34:6B:46:EC:BA:0B,11,-48,WPA2_PSK
2026-03-18 01:15:03,19.5308552,-99.0412979,IZZI-29A4,94:04:E3:EF:29:A8,1,-57,WPA2_PSK
2026-03-18 01:15:03,19.5308552,-99.0412979,Mega_2.4G_D834,F4:E8:4F:FF:D8:34,3,-61,WPA2_PSK
2026-03-18 01:15:03,19.5308552,-99.0412979,Ariadnazashyd_2.4G,BC:47:32:02:FF:88,6,-62,WPA_WPA2_PSK
2026-03-18 01:15:03,19.5308552,-99.0412979,Club_Totalplay_WiFi,BC:47:32:02:FF:89,6,-62,OPEN
2026-03-18 01:15:03,19.5308552,-99.0412979,Home,18:A6:F7:BF:71:72,7,-62,WPA_WPA2_PSK
2026-03-18 01:15:03,19.5308552,-99.0412979,Mega_2.4G_8B54,48:96:D9:26:8B:54,11,-63,WPA_WPA2_PSK
2026-03-18 01:15:03,19.5308552,-99.0412979,Hogar,A2:31:DB:A0:CC:C4,4,-66,WPA2_PSK
2026-03-18 01:15:03,19.5308552,-99.0412979,,A2:31:DB:A0:CC:C7,4,-66,OPEN
2026-03-18 01:15:03,19.5308552,-99.0412979,,A2:31:DB:A0:CC:C6,4,-67,WPA2_PSK
2026-03-18 01:15:03,19.5308552,-99.0412979,Totalplay-1BAA,3C:A3:7E:7F:5D:20,8,-67,WPA2_PSK
2026-03-18 01:15:03,19.5308552,-99.0412979,ARRIS-FEF2,90:C7:92:49:FE:F0,1,-70,WPA_WPA2_PSK
2026-03-18 01:15:03,19.5308552,-99.0412979,,3C:A3:7E:7F:5D:22,8,-70,WPA2_PSK
2026-03-18 01:15:03,19.5308552,-99.0412979,TOTALPLAY_E14025,3C:17:10:E1:40:25,11,-70,WPA2_PSK
2026-03-18 01:15:03,19.5308552,-99.0412979,Club_Totalplay_WiFi,3C:A3:7E:7F:5D:23,8,-72,OPEN
2026-03-18 01:15:03,19.5308552,-99.0412979,Totalplay-14A5,A4:BD:C4:84:54:24,9,-73,WPA2_PSK
2026-03-18 01:15:03,19.5308552,-99.0412979,TOTALPLAY_858582_2.4G,B0:5B:99:85:85:85,1,-76,WPA2_PSK
2026-03-18 01:15:03,19.5308552,-99.0412979,Totalplay-2.4G-2d18,64:9D:F3:17:2D:18,6,-76,WPA2_PSK
2026-03-18 01:15:03,19.5308552,-99.0412979,INFINITUM90EE_2.4,94:FE:9D:C8:71:99,1,-79,WPA2_PSK
2026-03-18 01:15:03,19.5308552,-99.0412979,,1A:9C:27:2F:75:52,11,-79,UNKNOWN
2026-03-18 01:15:03,19.5308552,-99.0412979,Tenda_1826F0,50:0F:F5:18:26:F1,5,-80,WPA_WPA2_PSK
2026-03-18 01:15:03,19.5308552,-99.0412979,IZZI-D087,70:54:25:73:7A:49,6,-80,WPA2_PSK
2026-03-18 01:15:03,19.5308552,-99.0412979,,4C:F5:5B:8D:7D:B6,9,-80,WPA2_PSK
2026-03-18 01:15:03,19.5308552,-99.0412979,Mega-2.4G-0CB1,EC:7C:2C:57:CC:3C,10,-82,WPA2_PSK
2026-03-18 01:15:03,19.5308552,-99.0412979,,A4:BD:C4:84:54:26,9,-83,WPA2_PSK
2026-03-18 01:15:03,19.5308552,-99.0412979,IZZI-29F4,40:0F:C1:5D:29:F8,11,-83,WPA2_PSK
2026-03-18 01:15:03,19.5308552,-99.0412979,Totalplay-36B5,8A:69:3D:8B:03:90,11,-85,WPA2_PSK
2026-03-18 01:15:03,19.5308552,-99.0412979,,B8:3A:08:EF:C3:14,11,-86,WPA2_PSK
2026-03-18 01:15:03,19.5308552,-99.0412979,ZTE Blade L9,6A:CC:48:23:CF:47,10,-87,WPA2_WPA3_PSK
2026-03-18 01:15:19,19.5308552,-99.0412979,TOTALPLAY_ECBA0B,34:6B:46:EC:BA:0B,11,-49,WPA2_PSK
2026-03-18 01:15:19,19.5308552,-99.0412979,IZZI-29A4,94:04:E3:EF:29:A8,1,-58,WPA2_PSK
2026-03-18 01:15:19,19.5308552,-99.0412979,Home,18:A6:F7:BF:71:72,7,-60,WPA_WPA2_PSK
2026-03-18 01:15:19,19.5308552,-99.0412979,Mega_2.4G_D834,F4:E8:4F:FF:D8:34,3,-62,WPA2_PSK
2026-03-18 01:15:19,19.5308552,-99.0412979,Ariadnazashyd_2.4G,BC:47:32:02:FF:88,6,-63,WPA_WPA2_PSK
2026-03-18 01:15:19,19.5308552,-99.0412979,Club_Totalplay_WiFi,BC:47:32:02:FF:89,6,-63,OPEN
2026-03-18 01:15:19,19.5308552,-99.0412979,Mega_2.4G_8B54,48:96:D9:26:8B:54,11,-64,WPA_WPA2_PSK
2026-03-18 01:15:19,19.5308552,-99.0412979,Totalplay-1BAA,3C:A3:7E:7F:5D:20,8,-67,WPA2_PSK
2026-03-18 01:15:19,19.5308552,-99.0412979,Club_Totalplay_WiFi,3C:A3:7E:7F:5D:23,8,-67,OPEN
2026-03-18 01:15:19,19.5308552,-99.0412979,,3C:A3:7E:7F:5D:22,8,-67,WPA2_PSK
2026-03-18 01:15:19,19.5308552,-99.0412979,Hogar,A2:31:DB:A0:CC:C4,4,-68,WPA2_PSK
2026-03-18 01:15:19,19.5308552,-99.0412979,TOTALPLAY_E14025,3C:17:10:E1:40:25,11,-68,WPA2_PSK
2026-03-18 01:15:19,19.5308552,-99.0412979,,A2:31:DB:A0:CC:C7,4,-69,OPEN
2026-03-18 01:15:19,19.5308552,-99.0412979,Nettowifi1WLAN,F4:1D:6B:2F:2A:88,2,-74,WPA2_PSK
2026-03-18 01:15:19,19.5308552,-99.0412979,INFINITUM90EE_2.4,94:FE:9D:C8:71:99,1,-77,WPA2_PSK
2026-03-18 01:15:19,19.5308552,-99.0412979,TOTALPLAY_858582_2.4G,B0:5B:99:85:85:85,1,-77,WPA2_PSK
2026-03-18 01:15:19,19.5308552,-99.0412979,Totalplay-2.4G-2d18,64:9D:F3:17:2D:18,6,-77,WPA2_PSK
2026-03-18 01:15:19,19.5308552,-99.0412979,Tenda_1826F0,50:0F:F5:18:26:F1,5,-79,WPA_WPA2_PSK
2026-03-18 01:15:19,19.5308552,-99.0412979,,1A:9C:27:2F:75:52,11,-79,UNKNOWN
2026-03-18 01:15:19,19.5308552,-99.0412979,INTERSHIP 2.4,D4:01:68:A8:5D:68,1,-80,WPA2_PSK
2026-03-18 01:15:19,19.5308552,-99.0412979,,72:54:25:23:7A:49,6,-80,UNKNOWN
2026-03-18 01:15:19,19.5308552,-99.0412979,IZZI-D087,70:54:25:73:7A:49,6,-80,WPA2_PSK
2026-03-18 01:15:19,19.5308552,-99.0412979,IZZI-6D3E,18:9C:27:3F:75:52,11,-80,WPA2_PSK
2026-03-18 01:15:19,19.5308552,-99.0412979,ZTE Blade L9,6A:CC:48:23:CF:47,10,-83,WPA2_WPA3_PSK
2026-03-18 01:15:36,19.5308552,-99.0412979,TOTALPLAY_ECBA0B,34:6B:46:EC:BA:0B,11,-49,WPA2_PSK
2026-03-18 01:15:36,19.5308552,-99.0412979,IZZI-29A4,94:04:E3:EF:29:A8,1,-58,WPA2_PSK
2026-03-18 01:15:36,19.5308552,-99.0412979,Home,18:A6:F7:BF:71:72,7,-60,WPA_WPA2_PSK
2026-03-18 01:15:36,19.5308552,-99.0412979,,3C:A3:7E:7F:5D:22,8,-61,WPA2_PSK
2026-03-18 01:15:36,19.5308552,-99.0412979,Mega_2.4G_D834,F4:E8:4F:FF:D8:34,3,-62,WPA2_PSK
2026-03-18 01:15:36,19.5308552,-99.0412979,Club_Totalplay_WiFi,3C:A3:7E:7F:5D:23,8,-62,OPEN
2026-03-18 01:15:36,19.5308552,-99.0412979,Ariadnazashyd_2.4G,BC:47:32:02:FF:88,6,-64,WPA_WPA2_PSK
2026-03-18 01:15:36,19.5308552,-99.0412979,Mega_2.4G_8B54,48:96:D9:26:8B:54,11,-64,WPA_WPA2_PSK
2026-03-18 01:15:36,19.5308552,-99.0412979,Club_Totalplay_WiFi,BC:47:32:02:FF:89,6,-65,OPEN
2026-03-18 01:15:36,19.5308552,-99.0412979,ARRIS-FEF2,90:C7:92:49:FE:F0,1,-68,WPA_WPA2_PSK
2026-03-18 01:15:36,19.5308552,-99.0412979,TOTALPLAY_E14025,3C:17:10:E1:40:25,11,-69,WPA2_PSK
2026-03-18 01:15:36,19.5308552,-99.0412979,,A2:31:DB:A0:CC:C7,4,-72,OPEN
2026-03-18 01:15:36,19.5308552,-99.0412979,,3A:C8:04:D0:B3:19,1,-73,WPA2_PSK
2026-03-18 01:15:36,19.5308552,-99.0412979,Hogar,A2:31:DB:A0:CC:C4,4,-73,WPA2_PSK
2026-03-18 01:15:36,19.5308552,-99.0412979,,A2:31:DB:A0:CC:C6,4,-74,WPA2_PSK
2026-03-18 01:15:36,19.5308552,-99.0412979,Totalplay-2.4G-2d18,64:9D:F3:17:2D:18,6,-75,WPA2_PSK
2026-03-18 01:15:36,19.5308552,-99.0412979,TOTALPLAY_858582_2.4G,B0:5B:99:85:85:85,1,-77,WPA2_PSK
2026-03-18 01:15:36,19.5308552,-99.0412979,,AC:8D:34:BF:4F:0F,5,-77,OPEN
2026-03-18 01:15:36,19.5308552,-99.0412979,INFINITUM90EE_2.4,94:FE:9D:C8:71:99,1,-78,WPA2_PSK
2026-03-18 01:15:36,19.5308552,-99.0412979,IZZI-6D3E,18:9C:27:3F:75:52,11,-78,WPA2_PSK
2026-03-18 01:15:36,19.5308552,-99.0412979,Nettowifi1WLAN,F4:1D:6B:2F:2A:88,2,-79,WPA2_PSK
2026-03-18 01:15:36,19.5308552,-99.0412979,IZZI-D087,70:54:25:73:7A:49,6,-79,WPA2_PSK
2026-03-18 01:15:36,19.5308552,-99.0412979,Tenda_1826F0,50:0F:F5:18:26:F1,5,-80,WPA_WPA2_PSK
2026-03-18 01:15:36,19.5308552,-99.0412979,,72:54:25:23:7A:49,6,-81,UNKNOWN
2026-03-18 01:15:36,19.5308552,-99.0412979,,1A:9C:27:2F:75:52,11,-81,UNKNOWN
2026-03-18 01:15:36,19.5308552,-99.0412979,Totalplay-E2A1,AC:8D:34:BF:4F:0C,5,-82,WPA2_PSK
2026-03-18 01:15:36,19.5308552,-99.0412979,Dani's,B8:3A:08:EF:C3:16,11,-86,WPA2_PSK
2026-03-18 01:15:36,19.5308552,-99.0412979,Totalplay-36B5,8A:69:3D:8B:03:90,11,-86,WPA2_PSK
2026-03-18 01:15:36,19.5308552,-99.0412979,IZZI-29F4,40:0F:C1:5D:29:F8,11,-87,WPA2_PSK
2026-03-18 01:15:52,19.5308552,-99.0412979,TOTALPLAY_ECBA0B,34:6B:46:EC:BA:0B,11,-48,WPA2_PSK
2026-03-18 01:15:52,19.5308552,-99.0412979,IZZI-29A4,94:04:E3:EF:29:A8,1,-59,WPA2_PSK
2026-03-18 01:15:52,19.5308552,-99.0412979,Home,18:A6:F7:BF:71:72,7,-61,WPA_WPA2_PSK
2026-03-18 01:15:52,19.5308552,-99.0412979,Mega_2.4G_D834,F4:E8:4F:FF:D8:34,3,-62,WPA2_PSK
2026-03-18 01:15:52,19.5308552,-99.0412979,Club_Totalplay_WiFi,BC:47:32:02:FF:89,6,-62,OPEN
2026-03-18 01:15:52,19.5308552,-99.0412979,Ariadnazashyd_2.4G,BC:47:32:02:FF:88,6,-63,WPA_WPA2_PSK
2026-03-18 01:15:52,19.5308552,-99.0412979,Mega_2.4G_8B54,48:96:D9:26:8B:54,11,-64,WPA_WPA2_PSK
2026-03-18 01:15:52,19.5308552,-99.0412979,Totalplay-1BAA,3C:A3:7E:7F:5D:20,8,-67,WPA2_PSK
2026-03-18 01:15:52,19.5308552,-99.0412979,Club_Totalplay_WiFi,3C:A3:7E:7F:5D:23,8,-67,OPEN
2026-03-18 01:15:52,19.5308552,-99.0412979,TOTALPLAY_E14025,3C:17:10:E1:40:25,11,-68,WPA2_PSK
2026-03-18 01:15:52,19.5308552,-99.0412979,Hogar,A2:31:DB:A0:CC:C4,4,-71,WPA2_PSK
2026-03-18 01:15:52,19.5308552,-99.0412979,,A2:31:DB:A0:CC:C7,4,-72,OPEN
2026-03-18 01:15:52,19.5308552,-99.0412979,,A2:31:DB:A0:CC:C6,4,-72,WPA2_PSK
2026-03-18 01:15:52,19.5308552,-99.0412979,,A4:BD:C4:84:54:26,9,-72,WPA2_PSK
2026-03-18 01:15:52,19.5308552,-99.0412979,Totalplay-2.4G-2d18,64:9D:F3:17:2D:18,6,-73,WPA2_PSK
2026-03-18 01:15:52,19.5308552,-99.0412979,Totalplay-14A5,A4:BD:C4:84:54:24,9,-73,WPA2_PSK
2026-03-18 01:15:52,19.5308552,-99.0412979,Totalplay-2.4G-e148,EC:E7:A2:67:E1:48,1,-75,WPA2_PSK
2026-03-18 01:15:52,19.5308552,-99.0412979,TOTALPLAY_858582_2.4G,B0:5B:99:85:85:85,1,-75,WPA2_PSK
2026-03-18 01:15:52,19.5308552,-99.0412979,,3A:C8:04:D0:B3:19,1,-75,WPA2_PSK
2026-03-18 01:15:52,19.5308552,-99.0412979,,1A:9C:27:2F:75:52,11,-77,UNKNOWN
2026-03-18 01:15:52,19.5308552,-99.0412979,INFINITUM90EE_2.4,94:FE:9D:C8:71:99,1,-78,WPA2_PSK
2026-03-18 01:15:52,19.5308552,-99.0412979,Club_Totalplay_WiFi,EC:E7:A2:67:E1:49,1,-78,OPEN
2026-03-18 01:15:52,19.5308552,-99.0412979,,AC:8D:34:BF:4F:0E,5,-81,WPA2_PSK
2026-03-18 01:15:52,19.5308552,-99.0412979,IZZI-D087,70:54:25:73:7A:49,6,-81,WPA2_PSK
2026-03-18 01:15:52,19.5308552,-99.0412979,Dani's,B8:3A:08:EF:C3:16,11,-85,WPA2_PSK
2026-03-18 01:15:52,19.5308552,-99.0412979,Totalplay-36B5,8A:69:3D:8B:03:90,11,-86,WPA2_PSK
2026-03-18 01:15:52,19.5308552,-99.0412979,Club_Totalplay_WiFi,0A:FA:28:16:C3:57,10,-87,OPEN
2026-03-18 01:16:08,19.5308552,-99.0412979,TOTALPLAY_ECBA0B,34:6B:46:EC:BA:0B,11,-48,WPA2_PSK
2026-03-18 01:16:08,19.5308552,-99.0412979,IZZI-29A4,94:04:E3:EF:29:A8,1,-59,WPA2_PSK
2026-03-18 01:16:08,19.5308552,-99.0412979,Mega_2.4G_D834,F4:E8:4F:FF:D8:34,3,-61,WPA2_PSK
2026-03-18 01:16:08,19.5308552,-99.0412979,Home,18:A6:F7:BF:71:72,7,-62,WPA_WPA2_PSK
2026-03-18 01:16:08,19.5308552,-99.0412979,Mega_2.4G_8B54,48:96:D9:26:8B:54,11,-63,WPA_WPA2_PSK
2026-03-18 01:16:08,19.5308552,-99.0412979,Club_Totalplay_WiFi,BC:47:32:02:FF:89,6,-64,OPEN
2026-03-18 01:16:08,19.5308552,-99.0412979,Ariadnazashyd_2.4G,BC:47:32:02:FF:88,6,-65,WPA_WPA2_PSK
2026-03-18 01:16:08,19.5308552,-99.0412979,Totalplay-1BAA,3C:A3:7E:7F:5D:20,8,-67,WPA2_PSK
2026-03-18 01:16:08,19.5308552,-99.0412979,Club_Totalplay_WiFi,3C:A3:7E:7F:5D:23,8,-67,OPEN
2026-03-18 01:16:08,19.5308552,-99.0412979,TOTALPLAY_E14025,3C:17:10:E1:40:25,11,-67,WPA2_PSK
2026-03-18 01:16:08,19.5308552,-99.0412979,Hogar,A2:31:DB:A0:CC:C4,4,-69,WPA2_PSK
2026-03-18 01:16:08,19.5308552,-99.0412979,,A2:31:DB:A0:CC:C6,4,-69,WPA2_PSK
2026-03-18 01:16:08,19.5308552,-99.0412979,,A2:31:DB:A0:CC:C7,4,-69,OPEN
2026-03-18 01:16:08,19.5308552,-99.0412979,,3C:A3:7E:7F:5D:22,8,-71,WPA2_PSK
2026-03-18 01:16:08,19.5308552,-99.0412979,,A4:BD:C4:84:54:26,9,-71,WPA2_PSK
2026-03-18 01:16:08,19.5308552,-99.0412979,Totalplay-2.4G-2d18,64:9D:F3:17:2D:18,6,-72,WPA2_PSK
2026-03-18 01:16:08,19.5308552,-99.0412979,Totalplay-14A5,A4:BD:C4:84:54:24,9,-72,WPA2_PSK
2026-03-18 01:16:08,19.5308552,-99.0412979,Totalplay-E2A1,AC:8D:34:BF:4F:0C,5,-75,WPA2_PSK
2026-03-18 01:16:08,19.5308552,-99.0412979,,AC:8D:34:BF:4F:0F,5,-76,OPEN
2026-03-18 01:16:08,19.5308552,-99.0412979,,1A:9C:27:2F:75:52,11,-76,UNKNOWN
2026-03-18 01:16:08,19.5308552,-99.0412979,Nettowifi1WLAN,F4:1D:6B:2F:2A:88,2,-77,WPA2_PSK
2026-03-18 01:16:08,19.5308552,-99.0412979,Mega-2.4G-CDB1,78:DD:33:61:B6:CC,2,-77,WPA2_PSK
2026-03-18 01:16:08,19.5308552,-99.0412979,Tenda_1826F0,50:0F:F5:18:26:F1,5,-78,WPA_WPA2_PSK
2026-03-18 01:16:08,19.5308552,-99.0412979,TOTALPLAY_858582_2.4G,B0:5B:99:85:85:85,1,-79,WPA2_PSK
2026-03-18 01:16:08,19.5308552,-99.0412979,INFINITUM90EE_2.4,94:FE:9D:C8:71:99,1,-80,WPA2_PSK
2026-03-18 01:16:08,19.5308552,-99.0412979,INTERSHIP 2.4,D4:01:68:A8:5D:68,1,-80,WPA2_PSK
2026-03-18 01:16:08,19.5308552,-99.0412979,IZZI-D087,70:54:25:73:7A:49,6,-80,WPA2_PSK
2026-03-18 01:16:08,19.5308552,-99.0412979,Club_Totalplay_WiFi,D4:01:68:A8:5D:69,1,-81,OPEN
2026-03-18 01:16:08,19.5308552,-99.0412979,,72:54:25:23:7A:49,6,-82,UNKNOWN
2026-03-18 01:16:08,19.5308552,-99.0412979,Dani's,B8:3A:08:EF:C3:16,11,-88,WPA2_PSK
2026-03-18 01:16:08,19.5308552,-99.0412979,Totalplay-36B5,8A:69:3D:8B:03:90,11,-89,WPA2_PSK
2026-03-18 01:16:25,19.5308552,-99.0412979,TOTALPLAY_ECBA0B,34:6B:46:EC:BA:0B,11,-50,WPA2_PSK
2026-03-18 01:16:25,19.5308552,-99.0412979,IZZI-29A4,94:04:E3:EF:29:A8,1,-57,WPA2_PSK
2026-03-18 01:16:25,19.5308552,-99.0412979,Mega_2.4G_D834,F4:E8:4F:FF:D8:34,3,-60,WPA2_PSK
2026-03-18 01:16:25,19.5308552,-99.0412979,Home,18:A6:F7:BF:71:72,7,-62,WPA_WPA2_PSK
2026-03-18 01:16:25,19.5308552,-99.0412979,Club_Totalplay_WiFi,BC:47:32:02:FF:89,6,-64,OPEN
2026-03-18 01:16:25,19.5308552,-99.0412979,Ariadnazashyd_2.4G,BC:47:32:02:FF:88,6,-65,WPA_WPA2_PSK
2026-03-18 01:16:25,19.5308552,-99.0412979,Mega_2.4G_8B54,48:96:D9:26:8B:54,11,-65,WPA_WPA2_PSK
2026-03-18 01:16:25,19.5308552,-99.0412979,Totalplay-1BAA,3C:A3:7E:7F:5D:20,8,-68,WPA2_PSK
2026-03-18 01:16:25,19.5308552,-99.0412979,,3C:A3:7E:7F:5D:22,8,-68,WPA2_PSK
2026-03-18 01:16:25,19.5308552,-99.0412979,ARRIS-FEF2,90:C7:92:49:FE:F0,1,-69,WPA_WPA2_PSK
2026-03-18 01:16:25,19.5308552,-99.0412979,Club_Totalplay_WiFi,3C:A3:7E:7F:5D:23,8,-71,OPEN
2026-03-18 01:16:25,19.5308552,-99.0412979,TOTALPLAY_E14025,3C:17:10:E1:40:25,11,-71,WPA2_PSK
2026-03-18 01:16:25,19.5308552,-99.0412979,Totalplay-14A5,A4:BD:C4:84:54:24,9,-72,WPA2_PSK
2026-03-18 01:16:25,19.5308552,-99.0412979,Hogar,A2:31:DB:A0:CC:C4,4,-73,WPA2_PSK
2026-03-18 01:16:25,19.5308552,-99.0412979,,A2:31:DB:A0:CC:C6,4,-73,WPA2_PSK
2026-03-18 01:16:25,19.5308552,-99.0412979,INFINITUM90EE_2.4,94:FE:9D:C8:71:99,1,-76,WPA2_PSK
2026-03-18 01:16:25,19.5308552,-99.0412979,,A2:31:DB:A0:CC:C7,4,-76,OPEN
2026-03-18 01:16:25,19.5308552,-99.0412979,Club_Totalplay_WiFi,EC:E7:A2:67:E1:49,1,-77,OPEN
2026-03-18 01:16:25,19.5308552,-99.0412979,Nettowifi1WLAN,F4:1D:6B:2F:2A:88,2,-77,WPA2_PSK
2026-03-18 01:16:25,19.5308552,-99.0412979,,72:54:25:23:7A:49,6,-78,UNKNOWN
2026-03-18 01:16:25,19.5308552,-99.0412979,Totalplay-2.4G-2d18,64:9D:F3:17:2D:18,6,-78,WPA2_PSK
2026-03-18 01:16:25,19.5308552,-99.0412979,Tenda_1826F0,50:0F:F5:18:26:F1,5,-79,WPA_WPA2_PSK
2026-03-18 01:16:25,19.5308552,-99.0412979,IZZI-6D3E,18:9C:27:3F:75:52,11,-79,WPA2_PSK
2026-03-18 01:16:25,19.5308552,-99.0412979,,1A:9C:27:20:54:D5,6,-80,UNKNOWN
2026-03-18 01:16:25,19.5308552,-99.0412979,,1A:9C:27:2F:75:52,11,-80,UNKNOWN
2026-03-18 01:16:25,19.5308552,-99.0412979,Mega-2.4G-0CB1,EC:7C:2C:57:CC:3C,10,-82,WPA2_PSK
2026-03-18 01:16:25,19.5308552,-99.0412979,Totalplay-E2A1,AC:8D:34:BF:4F:0C,5,-83,WPA2_PSK
2026-03-18 01:16:25,19.5308552,-99.0412979,Totalplay-6EB1,0A:FA:28:16:C3:54,10,-83,WPA2_PSK
2026-03-18 01:16:25,19.5308552,-99.0412979,,8A:69:3D:8B:03:92,11,-86,WPA2_PSK
